id,fold,true_y,predicted_y
4736,0,0,0
3444,0,0,0
3116,0,1,0
2340,0,0,0
4199,0,0,0
4805,0,0,0
5248,0,1,1
4833,0,1,1
2637,0,0,0
5402,0,0,0
3883,0,0,0
1289,0,0,0
3555,0,0,0
5471,0,0,0
4631,0,0,0
2457,0,0,0
5032,0,1,1
1669,0,0,0
1576,0,0,0
931,0,1,0
2534,0,0,0
3701,0,0,0
4643,0,0,0
4077,0,0,0
169,0,0,0
574,0,1,0
2881,0,0,0
21,0,1,0
3307,0,0,0
2106,0,0,0
1328,0,0,0
4587,0,1,0
386,0,0,0
4287,0,1,0
3224,0,0,0
5226,0,0,0
1238,0,0,0
3379,0,0,0
2067,0,0,0
1960,0,0,0
4258,0,0,0
4838,0,0,0
1409,0,0,0
200,0,0,0
5657,0,1,0
4411,0,1,1
1236,0,0,0
2403,0,0,0
285,0,0,0
608,0,0,0
1790,0,0,0
3331,0,0,0
3463,0,0,0
4733,0,1,1
4220,0,1,1
3691,0,0,0
3243,0,0,0
116,0,0,0
3766,0,0,0
795,0,0,0
580,0,0,0
4494,0,1,1
2772,0,0,0
3290,0,0,0
2992,0,0,0
5365,0,0,0
4794,0,0,0
1995,0,0,0
4617,0,0,0
592,0,0,0
4670,0,1,1
3521,0,0,0
3349,0,0,0
259,0,0,0
968,0,1,0
1533,0,0,0
1185,0,0,0
2932,0,1,0
2332,0,0,0
4240,0,1,1
308,0,0,0
4300,0,1,1
858,0,0,0
644,0,1,0
2097,0,0,0
5465,0,0,0
3740,0,0,0
4616,0,1,1
3230,0,1,0
2023,0,0,0
2934,0,0,0
2527,0,0,0
5375,0,0,0
354,0,1,0
5040,0,0,1
3671,0,0,0
4929,0,1,1
147,0,0,0
4493,0,1,0
4092,0,1,1
5212,0,0,0
1132,0,0,0
5100,0,0,0
4230,0,1,1
5008,0,1,0
1655,0,0,0
1652,0,0,0
5336,0,0,0
545,0,0,0
2407,0,0,0
1144,0,1,0
3060,0,0,0
4099,0,0,0
3943,0,0,0
2657,0,0,0
2054,0,0,0
4607,0,0,0
1673,0,0,0
3479,0,0,0
5555,0,1,0
1321,0,0,0
1232,0,0,0
2064,0,0,0
44,0,1,0
3167,0,1,0
4904,0,1,1
4855,0,1,1
4322,0,0,0
2846,0,1,0
3696,0,0,0
4396,0,0,0
4,0,1,0
5054,0,0,0
141,0,0,0
2997,0,0,0
1377,0,0,0
1073,0,1,1
941,0,1,0
4715,0,0,0
4331,0,1,1
1540,0,0,0
2084,0,0,0
2742,0,0,0
3733,0,0,0
4511,0,0,1
5048,0,0,0
3514,0,0,0
101,0,1,0
1206,0,0,0
1854,0,0,0
4845,0,1,1
5578,0,1,0
233,0,0,0
496,0,0,0
3861,0,1,1
4158,0,0,0
573,0,0,0
2852,0,1,0
1620,0,0,0
3466,0,1,0
2973,0,0,0
4725,0,1,1
4683,0,0,0
1921,0,1,0
136,0,0,1
3950,0,0,0
2351,0,0,0
2345,0,0,0
1743,0,0,0
1859,0,0,0
1686,0,0,0
2723,0,0,0
343,0,1,1
871,0,0,0
2903,0,1,0
1807,0,0,0
3319,0,1,0
2304,0,0,0
3498,0,1,0
2583,0,0,0
255,0,0,0
33,0,0,0
5569,0,1,0
3619,0,0,0
5009,0,0,0
28,0,0,0
4786,0,0,0
2472,0,0,0
2334,0,0,0
2379,0,0,0
5595,0,1,0
784,0,0,1
5531,0,0,0
4065,0,0,0
420,0,0,0
3833,0,0,0
2705,0,0,0
3523,0,0,0
1621,0,0,0
689,0,0,0
2132,0,0,0
1310,0,0,0
1230,0,0,0
4301,0,0,0
4807,0,1,0
4346,0,1,1
3218,0,0,0
3493,0,0,0
2998,0,0,0
161,0,0,0
4893,0,0,0
4376,0,1,1
2372,0,0,0
428,0,0,0
5638,0,1,0
81,0,1,1
2603,0,0,0
222,0,0,0
4145,0,0,0
1298,0,0,0
4405,0,0,1
4078,0,0,0
3878,0,0,0
250,0,0,0
5163,0,0,0
3869,0,1,0
1634,0,0,0
3272,0,0,0
4894,0,1,1
2707,0,0,0
486,0,0,0
2075,0,0,0
1028,0,1,0
5510,0,0,0
4586,0,0,0
4593,0,0,0
2600,0,1,0
714,0,0,0
3225,0,1,0
1125,0,0,0
1884,0,0,0
1999,0,0,0
4387,0,0,0
4353,0,0,0
2459,0,0,0
694,0,0,0
2305,0,0,0
5503,0,0,0
605,0,1,0
5393,0,0,1
5022,0,1,0
3187,0,0,0
5125,0,1,1
1922,0,1,1
2855,0,0,0
3909,0,0,0
2565,0,0,0
2397,0,0,0
359,0,0,0
4808,0,0,0
2538,0,0,0
383,0,0,0
1723,0,0,0
1827,0,0,0
2150,0,0,0
1005,0,1,1
3501,0,1,0
1626,0,1,0
1078,0,0,0
2246,0,0,0
1791,0,0,0
1197,0,0,0
5303,0,0,0
4651,0,1,1
3071,0,0,0
2179,0,0,0
5220,0,0,0
314,0,1,0
5573,0,1,0
3329,0,0,0
1729,0,0,0
5535,0,0,0
4649,0,1,1
4576,0,0,0
3680,0,0,0
1919,0,1,0
1802,0,0,0
5197,0,0,0
1822,0,0,0
82,0,1,0
3162,0,0,0
407,0,0,0
79,0,0,1
2133,0,0,0
5360,0,0,0
72,0,1,1
1740,0,0,0
2018,0,0,0
325,0,1,0
2157,0,1,0
1406,0,0,0
3192,0,0,0
1079,0,0,0
3113,0,0,0
5208,0,0,0
440,0,0,0
119,0,0,0
125,0,1,0
433,0,1,0
3232,0,0,0
1172,0,1,0
1933,0,0,0
895,0,0,0
1625,0,0,0
808,0,0,0
196,0,0,0
4397,0,1,0
3934,0,0,0
3631,0,0,0
5126,0,1,1
2576,0,0,0
2389,0,0,0
473,0,0,0
2717,0,0,0
5165,0,0,0
2027,0,0,0
4982,0,0,0
5176,0,0,0
4489,0,0,0
447,0,0,0
636,0,0,1
2128,0,0,0
179,0,0,0
5362,0,0,0
3215,0,0,0
669,0,0,0
4274,0,1,1
5574,0,1,1
5091,0,1,0
2517,0,0,0
1662,0,0,0
5437,0,1,1
684,0,0,0
4881,0,1,0
4030,0,0,0
2636,0,0,0
5514,0,1,1
3469,0,0,0
1227,0,0,0
850,0,0,0
4337,0,1,1
2764,0,0,0
2089,0,0,0
943,0,0,0
5469,0,0,0
1038,0,0,0
2174,0,0,0
2916,0,0,0
2541,0,1,0
4278,0,0,0
1387,0,1,0
3813,0,1,0
3416,0,1,0
642,0,0,0
634,0,0,0
4573,0,1,1
4144,0,0,0
1958,0,0,0
3216,0,0,0
1946,0,0,0
1342,0,0,0
3092,0,0,0
4557,0,1,1
1448,0,0,0
2873,0,0,0
2870,0,0,0
1987,0,0,0
4523,0,0,0
3913,0,0,0
667,0,0,0
3583,0,0,0
2805,0,1,0
1928,0,0,0
5037,0,1,1
3991,0,0,0
4088,0,1,0
2819,0,0,0
4463,0,0,0
3455,0,0,0
1495,0,0,0
2318,0,0,0
3762,0,0,0
4468,0,1,1
4172,0,1,1
4839,0,0,1
4679,0,1,1
2854,0,0,0
4970,0,1,1
2617,0,0,0
3650,0,0,0
867,0,1,0
2608,0,0,0
5114,0,0,0
4210,0,0,0
2078,0,0,0
2303,0,0,0
2900,0,0,0
126,0,0,0
2687,0,0,0
1587,0,0,0
4575,0,0,0
2555,0,0,0
1453,0,0,0
5013,0,0,0
3354,0,0,0
1272,0,0,0
1026,0,0,0
4497,0,0,0
4719,0,0,0
4482,0,0,0
1812,0,0,0
881,0,0,0
206,0,0,0
3925,0,0,0
1050,0,0,0
2045,0,0,0
3093,0,0,0
976,0,0,0
1758,0,0,0
5663,0,1,1
623,0,0,0
2090,0,0,0
582,0,0,0
2730,0,0,0
1751,0,0,0
2575,0,1,0
2217,0,0,0
1773,0,0,0
5079,0,0,0
5039,0,0,0
2597,0,0,0
2336,0,0,0
2363,0,1,0
4968,0,0,0
857,0,0,0
1734,0,0,0
3564,0,1,0
313,0,0,0
4370,0,1,0
3223,0,1,1
1309,0,0,0
3694,0,0,0
5565,0,1,1
5633,0,1,1
4758,0,1,1
3239,0,0,0
1441,0,0,0
1783,0,0,0
5429,0,0,0
3976,0,1,1
5241,0,1,0
2963,0,0,0
959,0,0,0
2116,0,0,0
3027,0,1,0
929,0,0,0
2226,0,0,0
5337,0,0,0
5240,0,1,0
2498,0,0,0
4888,0,1,1
1297,0,0,0
2634,0,0,0
5443,0,0,0
906,0,0,0
1061,0,0,0
687,0,1,0
2945,0,1,0
2289,0,0,0
4669,0,1,1
503,0,0,0
1198,0,0,0
840,0,0,0
2847,0,0,0
1840,0,0,0
3160,0,0,0
67,0,0,0
554,0,0,0
1624,0,0,0
4084,0,0,0
192,0,0,0
3341,0,1,0
1373,0,0,0
4465,0,0,0
5363,0,0,0
276,0,0,0
2809,0,0,0
3940,0,0,0
1914,0,0,0
1545,0,0,0
2698,0,0,0
1424,0,0,0
4305,0,0,0
5407,0,0,0
4760,0,0,1
2645,0,0,0
2899,0,0,0
4229,0,1,1
301,0,0,0
4800,0,0,0
2229,0,0,0
3451,0,0,0
4692,0,1,1
58,0,0,0
5273,0,1,0
4422,0,1,0
3409,0,1,0
3777,0,0,0
5560,0,0,1
1117,0,0,0
3376,0,0,0
5486,0,0,0
2907,0,1,0
2450,0,0,0
2918,0,0,0
5650,0,0,0
4698,0,1,1
280,0,0,0
5479,0,0,0
4675,0,1,1
662,0,0,0
231,0,1,0
4436,0,1,1
847,0,0,0
1586,0,0,0
2197,0,0,0
457,0,0,0
5238,0,1,0
645,0,0,0
557,0,1,0
1217,0,0,0
3134,0,0,0
1579,0,0,0
5158,0,0,0
3586,0,0,0
4441,0,1,0
3531,0,0,0
3667,0,0,0
214,0,0,0
783,0,0,0
4827,0,0,0
2198,0,1,0
2429,0,0,0
1785,0,0,0
957,0,0,0
3961,0,0,0
5490,0,0,0
3685,0,0,0
4637,0,0,1
2193,0,1,0
4026,0,0,0
3477,0,0,0
3420,0,0,0
2857,0,0,0
3399,0,1,0
3879,0,0,0
501,0,0,0
4847,0,0,1
5491,0,0,0
2076,0,0,0
1936,0,0,0
4532,0,0,0
1123,0,0,0
1457,0,0,0
3974,0,0,0
3958,0,1,0
4207,0,1,1
5427,0,1,0
566,0,1,0
4385,0,1,1
1011,0,0,0
1947,0,0,0
1064,0,0,0
507,0,0,0
1771,0,0,0
4926,0,1,1
98,0,1,0
1848,0,0,0
899,0,1,0
4435,0,1,1
4636,0,1,1
2605,0,0,0
2678,0,0,0
1941,0,0,0
839,0,0,0
5173,0,0,0
4521,0,0,0
1023,0,1,0
3277,0,0,0
5306,0,0,0
3584,0,0,0
5630,0,1,0
5078,0,1,0
4062,0,1,0
556,0,0,0
2470,0,0,0
2471,0,0,0
3039,0,0,0
2060,0,0,0
538,0,0,0
4155,0,0,0
1909,0,0,0
5552,0,1,1
3881,0,0,0
5185,0,0,0
5342,0,0,0
927,0,0,0
2394,0,0,1
763,0,0,0
1169,0,0,0
792,0,0,0
4548,0,0,0
524,0,0,0
1256,0,0,0
2661,0,0,0
2040,0,0,0
2618,0,0,0
2582,0,0,0
3599,0,0,0
3132,0,0,0
5,0,0,0
5583,0,1,0
4814,0,0,0
4819,0,0,0
544,0,0,0
1385,0,0,0
4091,0,0,0
575,0,0,0
1375,0,0,0
1102,0,0,0
548,0,1,0
5144,0,0,0
3748,0,0,0
2812,0,0,0
3705,0,0,0
1271,0,0,0
1396,0,0,0
3636,0,0,0
513,0,0,0
1498,0,0,0
745,0,0,0
2754,0,0,0
724,0,0,0
4608,0,0,0
1825,0,0,0
3432,0,0,0
3791,0,0,0
3330,0,0,0
62,0,1,0
1720,0,1,0
5436,0,1,0
1163,0,1,0
108,0,0,0
517,0,0,0
5590,0,1,0
4896,0,0,0
1735,0,1,0
45,0,0,0
4639,0,1,1
4455,0,1,0
1435,0,0,0
4282,0,0,0
4442,0,1,1
5343,0,0,0
1242,0,0,0
3948,0,0,0
1179,0,0,1
1750,0,0,0
2479,0,0,0
1768,0,0,0
4991,0,0,0
4194,0,0,0
3185,0,0,0
348,0,1,0
4296,0,1,0
2677,0,0,0
3832,0,0,0
1745,0,0,0
389,0,0,0
4189,0,0,0
5276,0,0,0
3662,0,0,0
589,0,0,0
870,0,0,0
1508,0,0,0
1851,0,0,0
686,0,1,0
729,0,0,0
2451,0,0,0
1247,0,1,0
367,0,1,0
3871,0,0,0
705,0,0,0
2984,0,0,0
5143,0,0,0
1379,0,0,0
3485,0,0,0
643,0,0,0
3528,0,0,0
3732,0,0,0
1447,0,0,0
3079,0,0,0
2827,0,0,0
5646,0,0,0
1056,0,0,0
1499,0,0,0
181,0,0,0
5296,0,1,1
3484,0,0,0
2889,0,1,0
4459,0,0,0
2032,0,0,0
4095,0,0,0
1155,0,0,0
588,0,0,0
5367,0,0,0
1235,0,0,0
1463,0,0,0
3768,0,0,0
1422,0,0,0
3078,0,0,0
555,0,0,0
1081,0,0,0
5385,0,0,0
5291,0,0,0
4563,0,0,0
2577,0,0,0
5311,0,1,0
1913,0,0,0
5516,0,0,0
1833,0,0,0
2105,0,0,0
2712,0,0,0
3977,0,0,0
2948,0,0,0
432,0,0,0
1926,0,0,0
3407,0,0,0
349,0,1,0
5538,0,0,0
2896,0,1,0
4069,0,0,0
984,0,0,0
4776,0,0,0
2796,0,0,0
434,0,0,0
2943,0,0,0
5128,0,1,1
4953,0,1,1
3649,0,0,0
2985,0,1,0
1519,0,0,0
2946,0,1,0
2382,0,0,0
3041,0,0,0
1060,0,0,0
1852,0,0,0
4976,0,1,1
3945,0,0,0
996,0,1,0
3168,0,0,0
3026,0,0,0
600,0,1,0
5277,0,1,1
1990,0,0,0
758,0,0,0
248,0,0,0
1034,0,0,0
940,0,0,0
1074,0,0,0
3741,0,0,0
4682,0,0,0
3507,0,0,0
3104,0,0,0
3144,0,0,0
2185,0,0,0
4934,0,1,1
4478,0,1,0
3338,0,1,0
4005,0,0,0
596,0,1,0
2327,0,0,0
1051,0,0,0
3646,0,0,0
1070,0,0,0
1413,0,0,0
3568,0,0,0
2316,0,0,0
4303,0,0,0
4363,0,0,0
344,0,0,1
1857,0,0,0
701,0,0,0
1016,0,0,0
778,0,1,0
4193,0,0,0
4067,0,0,0
2388,0,0,1
4924,0,1,1
1918,0,1,1
5449,0,0,0
3382,0,1,0
1122,0,0,0
4140,0,0,0
3905,0,0,0
5090,0,1,0
1897,0,0,0
726,0,1,0
5593,0,1,0
2579,0,0,0
1657,0,0,0
102,0,0,0
416,0,0,0
988,0,1,0
5314,0,0,0
2921,0,0,0
1748,0,0,0
275,0,0,0
1961,0,0,0
2652,0,0,0
3100,0,1,0
3923,0,0,0
2667,0,0,0
1356,0,0,0
5289,0,1,0
4718,0,0,0
329,0,1,0
3656,0,0,0
1600,0,0,0
299,0,0,0
3618,0,0,0
4018,0,0,0
3506,0,0,0
5474,0,0,0
366,0,1,0
5494,0,0,0
4292,0,0,0
2989,0,0,0
3317,0,0,0
796,0,0,0
3179,0,1,0
5470,0,1,0
123,0,0,0
1225,0,0,0
2560,0,0,0
3244,0,0,0
1666,0,0,0
3699,0,0,0
4130,0,0,0
2762,0,1,0
799,0,1,0
4843,0,0,0
2025,0,0,0
1651,0,0,0
3789,0,1,0
3296,0,0,0
5230,0,1,0
4177,0,0,0
552,0,1,0
3771,0,0,0
5412,0,0,0
5357,0,0,0
2256,0,0,0
2139,0,0,0
5616,0,1,0
4479,0,0,0
3868,0,0,0
3938,0,0,0
4512,0,1,0
1554,0,1,0
1145,0,1,0
3473,0,0,0
610,0,1,0
2159,0,0,0
3075,0,0,0
560,0,0,0
1410,0,0,0
4834,0,0,0
3443,0,0,0
2456,0,0,1
717,0,0,0
3886,0,0,0
2774,0,1,0
2435,0,1,0
4597,0,0,0
4585,0,1,1
5236,0,0,0
219,0,0,0
2785,0,0,0
2711,0,0,0
1370,0,0,0
4912,0,1,1
2593,0,0,0
3228,0,0,0
2377,0,0,0
2685,0,0,0
3500,0,1,0
3611,0,0,0
5631,0,1,1
1296,0,0,0
3189,0,0,0
100,0,0,0
1326,0,0,0
2505,0,0,0
4956,0,0,1
5476,0,1,0
3920,0,0,0
1727,0,0,0
2253,0,0,0
5332,0,1,0
4223,0,0,0
987,0,0,0
4711,0,0,0
1573,0,0,0
4304,0,1,0
1837,0,0,0
958,0,1,1
2287,0,0,0
2068,0,0,0
4152,0,0,0
5020,0,0,1
1240,0,1,0
1248,0,0,0
2513,0,0,0
1412,0,0,0
3355,0,0,0
4500,0,1,0
5148,0,1,1
3358,0,0,0
5444,0,1,1
4869,0,0,1
4107,0,0,0
2274,0,0,0
5530,0,0,0
1520,0,0,0
2928,0,0,0
4614,0,0,0
372,0,0,0
4232,0,1,1
5081,0,0,0
5113,0,0,0
4072,0,0,1
2949,0,1,0
4674,0,0,1
834,0,1,0
3593,0,0,0
4964,0,0,1
2768,0,0,0
5092,0,0,0
3446,0,0,0
3576,0,0,0
5046,0,0,0
2181,0,0,0
718,0,0,0
3672,0,0,0
1131,0,0,0
2088,0,0,0
4544,0,0,0
205,0,0,0
4667,0,1,1
4696,0,0,0
4882,0,0,0
2922,0,1,1
4367,0,0,0
2241,0,0,0
331,0,1,0
3792,0,0,0
2242,0,0,0
4518,0,0,0
4446,0,0,1
1513,0,0,0
951,0,0,0
5649,0,1,1
5044,0,0,0
244,0,0,0
4852,0,0,0
1134,0,0,0
2584,0,0,0
4181,0,1,1
3381,0,0,0
5198,0,0,0
4673,0,0,0
779,0,1,0
4428,0,0,0
3251,0,0,0
1715,0,0,0
2270,0,0,0
2990,0,1,0
94,0,1,0
4921,0,0,0
5210,0,0,0
57,0,0,0
5334,0,1,1
3076,0,0,0
1660,0,0,0
4887,0,0,0
1504,0,0,0
3518,0,0,0
5049,0,0,0
646,0,1,0
3665,0,0,0
2236,0,0,0
1351,0,0,0
2868,0,1,1
5191,0,0,0
1552,0,0,0
2523,0,0,0
3819,0,0,0
4104,0,0,0
2000,0,0,0
2385,0,0,0
1831,0,0,0
3347,0,0,0
4445,0,1,1
1488,0,0,0
4109,0,0,0
1718,0,0,0
2117,0,0,0
203,0,0,0
4485,0,0,1
4706,0,0,0
3301,0,0,1
4449,0,0,0
1877,0,0,0
2369,0,0,0
1216,0,0,0
2680,0,0,0
3641,0,0,0
4224,0,1,1
5201,0,0,0
1494,0,0,0
3308,0,1,0
3720,0,1,0
2666,0,0,0
1710,0,0,0
3858,0,0,0
3201,0,0,0
2478,0,1,0
2927,0,0,0
761,0,0,0
3015,0,0,0
1159,0,0,0
5431,0,1,0
4588,0,0,0
190,0,0,0
4985,0,0,0
462,0,0,0
484,0,0,0
1300,0,0,0
3107,0,1,0
5511,0,0,0
2331,0,0,0
4348,0,0,0
1518,0,0,0
110,0,0,0
5457,0,0,0
1246,0,1,0
4762,0,0,0
4484,0,1,0
4460,0,1,1
3752,0,1,0
232,0,0,0
2300,0,0,0
1262,0,0,0
5442,0,0,0
1850,0,0,0
3773,0,1,1
4306,0,1,1
3327,0,1,0
4248,0,0,0
933,0,0,0
1045,0,0,0
3052,0,0,0
448,0,1,0
453,0,0,0
1139,0,0,0
12,0,0,0
3300,0,0,0
4825,0,0,0
4165,0,1,1
4126,0,0,0
5416,0,0,0
3269,0,0,0
1021,0,1,0
836,0,0,0
1988,0,0,0
4157,0,0,0
2378,0,0,0
2488,0,1,1
3309,0,0,0
4603,0,0,0
4421,0,1,0
4854,0,0,0
863,0,1,0
104,0,1,0
1865,0,0,0
516,0,0,0
3387,0,0,0
5319,0,0,0
1456,0,0,0
2273,0,0,0
1796,0,0,0
4239,0,0,0
159,0,0,0
3357,0,0,0
1162,0,1,0
3570,0,0,0
678,0,0,0
1264,0,0,0
3032,0,0,0
165,0,0,0
2445,0,0,0
2093,0,0,0
394,0,0,0
2702,0,1,0
3372,0,0,0
4681,0,0,0
4659,0,0,1
2506,0,1,0
995,0,0,0
1560,0,0,0
3780,0,1,0
3565,0,1,0
3669,0,0,0
2442,0,0,0
1233,0,0,0
3595,0,0,0
4291,0,1,0
5584,0,1,1
37,0,1,0
3405,0,0,0
4139,0,0,0
1885,0,0,0
4775,0,1,1
3229,0,0,0
3513,0,0,0
3126,0,0,0
322,0,1,0
11,0,1,1
17,0,0,0
2646,0,0,0
2257,0,0,0
5624,0,1,0
3806,0,0,0
3275,0,0,0
1882,0,0,0
1578,0,0,0
5242,0,1,1
579,0,1,0
19,0,1,0
3660,0,0,0
3512,0,0,0
5359,0,0,0
4008,0,0,0
2550,0,0,0
5391,0,0,0
4359,0,0,0
5179,0,0,0
4171,0,0,1
2800,0,0,0
2520,0,1,0
494,0,0,0
4777,0,1,0
3434,0,0,0
3242,0,0,0
4265,0,0,0
4413,0,0,0
4307,0,1,0
1613,0,0,0
1749,0,0,0
2761,0,0,0
4103,0,0,0
5653,0,1,1
1528,0,0,0
1753,0,1,0
324,0,1,1
1892,0,0,0
86,0,1,1
2909,0,0,0
90,0,0,0
4654,0,1,0
2987,0,0,0
4211,0,0,0
480,0,0,0
4757,0,1,1
157,0,0,0
4249,0,0,0
2706,0,0,0
5456,0,0,0
4148,0,0,0
3639,0,0,0
5267,0,1,1
1044,0,0,0
3181,0,0,0
4457,0,1,0
2142,0,0,0
2720,0,0,0
2271,0,0,0
3612,0,0,0
3023,0,0,0
1963,0,1,0
4038,0,1,0
3,0,0,0
230,0,0,0
5549,0,1,1
1615,0,0,0
1004,0,0,0
5262,0,0,0
3388,0,0,0
965,0,0,0
1924,0,0,0
1113,0,0,0
2282,0,0,0
1938,0,0,0
5635,0,1,1
2838,0,0,0
3935,0,0,0
3516,0,1,0
3253,0,0,0
1642,0,0,0
2738,0,0,0
2262,0,0,0
3295,0,0,0
3588,0,1,0
3884,0,0,0
1039,0,1,0
4198,0,0,0
4119,0,1,0
5065,0,0,1
3067,0,0,0
393,0,0,0
3274,0,0,0
2418,0,0,0
551,0,0,0
2756,0,0,0
4632,0,1,1
1344,0,1,0
2908,0,1,0
1683,0,0,0
2514,0,1,1
1814,0,0,0
1497,0,0,0
3757,0,0,0
703,0,0,1
823,0,0,0
1784,0,0,0
5625,0,1,1
4750,0,0,0
2015,0,0,0
4351,0,0,0
901,0,0,0
4515,0,0,0
4127,0,0,0
1764,0,0,0
2950,0,0,0
659,0,1,0
3689,0,0,0
5399,0,1,0
994,0,0,0
5395,0,0,0
2739,0,1,0
5452,0,0,0
3111,0,0,0
3594,0,0,0
1687,0,0,0
1126,0,0,0
3645,0,0,0
3946,0,0,0
218,0,0,0
2740,0,0,0
1403,0,0,0
771,0,1,0
13,0,0,0
1476,0,0,0
1160,0,0,1
4543,0,0,0
4690,0,0,0
1907,0,0,0
133,0,0,0
2213,0,0,0
4913,0,0,0
827,0,0,0
3390,0,1,0
1381,0,0,0
5380,0,0,0
3005,0,0,1
2107,0,0,0
1832,0,0,0
2415,0,0,0
5106,0,0,0
1998,0,0,0
3551,0,0,0
1697,0,0,0
1094,0,1,0
5364,0,0,0
5582,0,0,1
622,0,1,0
2252,0,0,0
4245,0,1,0
2954,0,0,0
804,0,0,0
1030,0,0,0
587,0,0,0
4394,0,0,0
1916,0,0,0
4914,0,0,0
1534,0,0,0
593,0,1,0
4939,0,0,0
4905,0,1,1
2653,0,0,0
2423,0,0,0
756,0,0,0
757,0,0,0
2753,0,0,0
599,0,0,1
3837,0,1,0
3553,0,0,0
358,0,1,0
3369,0,0,0
998,0,0,0
5117,0,0,0
4784,0,1,1
3366,0,0,0
2784,0,0,0
661,0,0,0
2606,0,0,0
1691,0,0,0
191,0,0,0
4846,0,1,1
4550,0,0,0
2362,0,0,0
4480,0,0,0
3339,0,0,0
2338,0,0,0
197,0,0,0
3722,0,1,0
3459,0,0,0
2320,0,0,0
1404,0,0,0
256,0,0,0
3970,0,0,0
5329,0,0,0
2313,0,0,0
5487,0,0,0
4327,0,1,1
3375,0,0,0
3635,0,0,0
246,0,0,0
1213,0,0,0
1037,0,0,0
471,0,0,0
2414,0,0,0
759,0,0,0
4357,0,0,0
1042,0,0,0
851,0,0,0
2781,0,0,0
2408,0,0,0
1364,0,0,0
3205,0,0,0
891,0,0,0
273,0,0,0
5225,0,0,0
2037,0,0,0
4329,0,0,0
5249,0,1,0
99,0,1,0
5047,0,0,0
1681,0,0,0
335,0,1,0
4522,0,0,1
1121,0,1,0
5134,0,0,0
40,0,1,0
2804,0,0,0
4201,0,0,0
5445,0,0,0
2894,0,0,0
2694,0,0,0
4998,0,0,0
2390,0,0,0
4447,0,0,1
2615,0,0,0
5617,0,1,1
306,0,0,0
1249,0,0,0
2490,0,0,0
1564,0,0,0
1971,0,0,0
3770,0,0,0
2265,0,0,0
553,0,0,0
4590,0,0,0
2625,0,1,0
1253,0,0,0
1041,0,0,0
188,0,0,0
1577,0,0,0
3876,0,0,0
1929,0,0,0
5453,0,0,0
1993,0,0,0
685,0,1,0
2346,0,0,0
4498,0,0,0
789,0,0,0
4317,0,1,0
5025,0,0,0
1012,0,0,0
4835,0,0,1
1777,0,0,0
3227,0,1,0
1596,0,0,0
3866,0,0,0
5339,0,1,0
2708,0,0,0
2621,0,0,0
1731,0,0,0
4980,0,1,1
2728,0,0,0
316,0,0,0
1355,0,0,0
2295,0,0,0
4856,0,1,0
3710,0,0,0
2285,0,0,0
1177,0,0,0
4915,0,0,0
3847,0,0,0
2692,0,1,0
330,0,1,0
2155,0,0,0
4004,0,1,0
32,0,1,0
3371,0,0,0
2487,0,0,0
3402,0,1,0
2402,0,0,0
3810,0,0,0
3207,0,0,0
2438,0,0,0
1438,0,0,0
3908,0,0,0
1398,0,1,0
3044,0,1,0
3663,0,0,0
1676,0,0,0
1010,0,1,0
3137,0,0,0
221,0,0,0
1386,0,0,0
2573,0,0,0
1141,0,0,0
4355,0,0,0
2670,0,0,0
3012,0,0,0
1828,0,0,0
4583,0,0,0
1380,0,0,0
2778,0,0,0
2360,0,0,0
1991,0,0,0
5428,0,0,0
932,0,0,0
5461,0,1,1
2048,0,0,0
2978,0,0,0
3769,0,0,0
4853,0,0,0
5519,0,0,0
4732,0,1,1
1140,0,0,0
4554,0,1,0
3812,0,0,0
710,0,0,0
3445,0,0,0
5135,0,0,1
4124,0,0,0
1915,0,0,0
3801,0,0,0
3569,0,0,0
772,0,0,0
2640,0,0,0
3778,0,1,0
2632,0,1,0
1548,0,0,0
854,0,0,0
4298,0,1,0
4352,0,0,0
1392,0,0,0
5629,0,1,0
874,0,1,0
5190,0,1,0
894,0,0,0
4259,0,0,0
749,0,0,0
3037,0,0,0
4621,0,0,0
83,0,0,0
4745,0,1,1
128,0,0,0
1637,0,0,0
2931,0,0,0
885,0,0,0
1431,0,0,0
134,0,0,0
3152,0,0,0
4902,0,1,0
1794,0,0,0
4702,0,0,0
2038,0,0,0
3287,0,0,0
522,0,0,0
1714,0,0,0
4222,0,1,0
2112,0,0,0
4613,0,0,0
4283,0,0,0
5495,0,0,0
111,0,0,0
4377,0,1,1
5613,0,1,1
2887,0,0,0
1537,0,0,0
4665,0,0,0
4876,0,0,0
657,0,1,0
1603,0,0,0
2233,0,1,0
5268,0,1,1
1273,0,0,0
4577,0,1,0
3532,0,0,0
3268,0,0,0
1098,0,0,0
3003,0,0,0
1810,0,1,0
4399,0,0,0
3573,0,0,0
1147,0,0,0
1432,0,0,0
748,0,0,0
2343,0,1,0
3865,0,0,0
910,0,0,0
2228,0,1,1
304,0,0,0
2981,0,0,0
4277,0,0,0
5066,0,0,0
3603,0,0,0
2290,0,0,0
4028,0,0,0
3668,0,0,0
5286,0,1,0
3888,0,0,0
5149,0,0,0
3051,0,0,0
107,0,1,0
4996,0,0,0
2543,0,0,0
120,0,0,0
4884,0,0,0
3219,0,0,0
5532,0,0,0
364,0,1,0
4431,0,1,1
4925,0,0,0
1156,0,1,1
1685,0,0,0
1277,0,0,0
3830,0,0,0
872,0,0,0
898,0,0,0
4937,0,0,1
3902,0,1,0
4788,0,0,0
5269,0,1,0
3924,0,0,0
3245,0,0,0
2823,0,1,0
4630,0,0,1
4246,0,0,0
1165,0,1,0
3990,0,0,0
1630,0,0,0
791,0,0,0
4737,0,0,0
3470,0,1,0
4313,0,0,0
700,0,0,0
4963,0,0,0
3578,0,0,0
2545,0,1,0
1953,0,0,0
3808,0,0,0
1524,0,0,0
2010,0,0,0
3822,0,0,0
3829,0,0,0
1875,0,0,0
3867,0,0,0
3857,0,0,0
2897,0,0,0
5239,0,1,0
770,0,0,0
5310,0,0,0
4297,0,0,0
5463,0,0,0
55,0,0,0
115,0,0,0
3069,0,1,0
3014,0,1,0
3458,0,0,0
3492,0,0,0
3495,0,0,0
4469,0,0,0
4567,0,1,1
1325,0,0,0
1793,0,0,0
1550,0,0,0
1584,0,0,0
2162,0,0,0
482,0,0,0
3112,0,1,0
2279,0,0,0
5462,0,0,0
3263,0,0,0
1759,0,0,0
2537,0,1,0
4778,0,0,0
921,0,0,0
1427,0,0,0
2354,0,0,0
4012,0,0,0
2156,0,0,0
3398,0,0,0
2839,0,0,0
187,0,0,0
1847,0,0,0
3602,0,1,0
3080,0,0,0
1736,0,0,0
2036,0,0,0
1549,0,0,0
2243,0,0,0
2031,0,0,0
2512,0,0,0
3004,0,0,0
5325,0,0,0
2420,0,1,0
1512,0,0,0
2611,0,0,0
3237,0,0,0
2188,0,0,0
3904,0,0,0
2365,0,0,0
4723,0,0,0
2227,0,0,0
3862,0,0,0
236,0,0,0
2544,0,0,0
1925,0,0,0
311,0,1,0
5447,0,1,0
2030,0,0,0
4341,0,1,0
5615,0,1,1
2427,0,0,0
3315,0,0,0
4179,0,0,0
3267,0,0,0
2684,0,0,0
4534,0,1,0
1608,0,0,0
607,0,1,0
1444,0,0,0
846,0,0,0
2098,0,0,0
4135,0,0,0
5636,0,1,1
3417,0,1,0
2039,0,0,0
2820,0,0,0
2434,0,0,0
4747,0,0,0
4319,0,0,0
2473,0,0,0
1304,0,0,0
563,0,0,0
418,0,0,0
3549,0,0,0
1702,0,0,0
5282,0,0,0
4883,0,0,0
3370,0,0,0
3423,0,0,0
4899,0,1,1
1766,0,0,0
437,0,0,0
518,0,0,0
3607,0,0,0
2977,0,0,0
1020,0,1,1
3954,0,0,0
993,0,0,0
5541,0,0,0
4984,0,1,1
5579,0,1,1
4332,0,1,1
4360,0,0,0
1414,0,0,0
3286,0,0,0
5467,0,0,0
3193,0,1,0
2589,0,0,0
3474,0,0,0
4633,0,1,1
534,0,0,0
821,0,0,0
1571,0,0,0
4379,0,1,1
4735,0,0,0
4036,0,0,0
2249,0,0,0
1477,0,0,0
3359,0,0,0
4149,0,0,0
4837,0,1,0
1417,0,0,0
1563,0,0,0
175,0,0,0
2619,0,0,0
4325,0,1,1
3729,0,0,0
3707,0,1,0
4250,0,0,0
5098,0,0,0
946,0,0,0
1899,0,0,0
3465,0,0,0
3840,0,0,0
5460,0,0,0
1542,0,0,0
4889,0,1,1
1433,0,0,0
616,0,0,0
4168,0,1,0
3234,0,0,0
1646,0,0,0
1395,0,1,0
630,0,0,0
955,0,0,0
194,0,0,0
4466,0,0,0
909,0,0,0
3889,0,1,1
1006,0,0,0
5164,0,0,0
3739,0,0,0
2879,0,0,0
4622,0,0,1
368,0,1,0
3630,0,0,0
4769,0,0,0
1893,0,0,0
3510,0,0,0
4034,0,0,0
2406,0,0,0
4945,0,0,0
619,0,1,0
4666,0,0,0
4156,0,0,0
1881,0,0,0
4467,0,0,0
216,0,0,0
2355,0,0,0
1937,0,0,0
5265,0,1,0
3828,0,0,0
4204,0,0,0
1055,0,0,0
3756,0,0,0
3563,0,0,0
3730,0,0,0
4875,0,0,0
4938,0,0,1
4892,0,0,0
5459,0,0,0
1416,0,1,0
4504,0,1,1
1724,0,0,0
460,0,0,0
3085,0,1,0
4885,0,0,1
3135,0,0,0
1135,0,0,0
267,0,0,0
4166,0,1,1
3875,0,0,0
1989,0,0,0
3782,0,0,0
1521,0,0,0
3321,0,1,0
5287,0,1,1
817,0,0,0
769,0,0,0
3882,0,1,0
2773,0,0,0
2247,0,0,0
2635,0,0,0
2910,0,0,0
234,0,0,0
4096,0,1,1
3765,0,0,0
1291,0,0,0
1299,0,0,0
1,0,0,0
4016,0,0,0
4625,0,0,0
2399,0,0,0
2967,0,0,0
1752,0,0,0
4820,0,1,0
4549,0,1,0
2043,0,0,0
210,0,0,0
671,0,0,0
4100,0,0,0
4164,0,0,0
3147,0,0,0
438,0,0,0
4268,0,1,1
1475,0,0,0
1103,0,1,0
561,0,0,0
4021,0,0,0
1419,0,0,0
4451,0,1,1
880,0,1,0
3997,0,0,0
711,0,0,0
1335,0,0,0
1787,0,0,0
3118,0,1,0
4507,0,1,0
1008,0,0,0
3159,0,0,0
1561,0,0,0
2925,0,0,0
4187,0,0,0
3676,0,1,0
4962,0,1,0
5381,0,0,0
5280,0,1,0
5108,0,0,0
1426,0,0,0
1120,0,0,0
321,0,1,0
385,0,0,0
3747,0,1,0
2939,0,0,0
2328,0,0,0
2192,0,0,0
2011,0,0,0
3305,0,0,0
3123,0,0,0
3231,0,0,0
1301,0,0,0
5152,0,0,0
4510,0,0,1
1330,0,0,0
2787,0,1,0
4371,0,1,0
1399,0,0,0
4279,0,0,1
4537,0,0,0
3798,0,0,0
5285,1,1,1
5196,1,0,0
1420,1,0,0
2319,1,0,0
1959,1,0,0
5438,1,0,0
4216,1,0,0
3344,1,0,0
1721,1,1,0
2353,1,1,0
4671,1,0,0
1231,1,0,0
2596,1,0,0
2294,1,0,0
3897,1,0,0
396,1,0,0
5666,1,1,0
5300,1,0,0
5018,1,0,0
2147,1,0,0
2733,1,0,0
1546,1,0,0
5120,1,0,0
4015,1,0,0
1535,1,0,0
3502,1,1,1
5415,1,0,0
2007,1,0,0
2126,1,0,0
3887,1,0,0
613,1,1,0
290,1,0,0
5508,1,0,0
186,1,0,0
990,1,0,0
3438,1,1,0
4432,1,1,0
3271,1,0,0
3963,1,0,0
4536,1,0,0
3383,1,0,0
4169,1,0,0
2861,1,1,0
5420,1,0,0
239,1,0,0
1352,1,0,0
650,1,0,0
1501,1,0,0
1559,1,0,0
1331,1,0,0
4699,1,0,0
487,1,0,0
2263,1,0,0
3203,1,1,1
4200,1,0,0
1772,1,1,0
730,1,0,0
3834,1,0,1
1678,1,0,0
3541,1,0,0
345,1,1,0
1313,1,0,0
2209,1,1,0
3891,1,0,0
3856,1,0,0
5299,1,0,0
5219,1,0,0
2726,1,0,0
3169,1,0,0
92,1,1,0
1333,1,1,0
2166,1,0,0
3600,1,0,0
3903,1,1,0
913,1,0,0
3260,1,0,0
794,1,0,0
960,1,0,0
3318,1,0,0
392,1,1,0
5358,1,0,0
268,1,0,0
3716,1,1,0
342,1,1,1
2237,1,1,1
5215,1,0,0
2578,1,1,0
4950,1,0,0
2019,1,0,0
702,1,0,0
1774,1,0,0
5637,1,1,1
1077,1,0,0
2970,1,0,0
2146,1,1,0
3942,1,0,0
893,1,1,1
695,1,1,0
2165,1,0,0
3198,1,0,0
2938,1,1,0
2164,1,0,0
2914,1,1,0
2204,1,0,0
3872,1,0,0
4655,1,1,0
1525,1,0,0
443,1,0,0
1650,1,0,0
4886,1,0,0
4530,1,1,1
1703,1,0,0
3499,1,1,0
3202,1,0,0
4398,1,1,1
3155,1,0,0
3687,1,0,0
2863,1,0,0
5454,1,0,1
1653,1,0,0
430,1,0,0
1967,1,0,0
1195,1,1,0
4029,1,0,0
5218,1,0,0
495,1,1,1
1437,1,0,0
1684,1,0,0
5655,1,1,1
2856,1,1,1
3378,1,1,1
3336,1,1,0
3731,1,0,0
2065,1,0,0
3488,1,0,0
4865,1,1,1
1891,1,0,0
3597,1,0,0
1268,1,0,0
4525,1,0,0
5379,1,0,0
1739,1,0,0
1128,1,0,0
54,1,0,0
4678,1,0,0
4647,1,0,0
2530,1,0,0
4992,1,1,1
2851,1,0,0
4487,1,0,0
4175,1,1,1
2416,1,0,0
632,1,0,0
577,1,1,0
3073,1,1,0
2983,1,0,0
3936,1,0,0
2103,1,0,0
787,1,0,0
1080,1,0,0
4958,1,0,0
3340,1,1,0
4640,1,1,1
2223,1,0,0
1855,1,0,0
3811,1,0,0
2430,1,0,0
983,1,0,0
2161,1,0,0
1675,1,0,0
785,1,0,0
4424,1,1,1
1973,1,0,0
500,1,0,0
2196,1,0,0
3204,1,0,0
1361,1,0,0
292,1,0,0
2890,1,0,0
3057,1,0,0
1682,1,0,0
93,1,0,0
2689,1,0,1
4244,1,0,0
4070,1,0,0
3196,1,0,0
3807,1,0,0
5216,1,0,0
279,1,0,0
4870,1,1,0
2458,1,0,0
1939,1,0,0
3256,1,0,0
5386,1,0,0
1956,1,0,0
861,1,0,0
3404,1,0,0
938,1,0,0
5488,1,1,0
6,1,1,0
1063,1,0,0
3505,1,0,0
2481,1,0,0
3854,1,0,0
224,1,0,0
1523,1,0,0
436,1,0,0
5324,1,0,0
1043,1,0,0
1358,1,0,0
3779,1,0,0
4185,1,0,0
602,1,0,0
4390,1,1,1
2696,1,0,0
5320,1,1,0
1338,1,0,0
2971,1,0,0
1853,1,0,0
2497,1,0,0
3661,1,1,0
3836,1,0,0
2079,1,0,0
3285,1,0,0
4734,1,1,1
5662,1,1,1
2104,1,0,0
3784,1,0,0
3683,1,0,0
4098,1,0,0
464,1,1,0
568,1,1,0
725,1,0,0
5252,1,0,0
1818,1,0,0
1526,1,0,0
4811,1,0,0
395,1,0,0
3632,1,0,0
813,1,0,0
2101,1,0,0
1143,1,0,0
1035,1,0,0
3814,1,0,0
1823,1,0,0
3704,1,0,0
5597,1,1,1
2234,1,0,0
1815,1,0,0
3901,1,0,0
1962,1,0,0
4767,1,1,1
773,1,0,0
3252,1,0,0
5505,1,1,0
4629,1,0,0
5000,1,1,1
3361,1,0,0
3414,1,0,0
201,1,0,0
4481,1,0,0
2070,1,0,0
1986,1,1,0
2940,1,0,0
4112,1,0,0
5234,1,1,0
5315,1,0,0
5266,1,1,0
790,1,0,0
139,1,0,0
1886,1,0,0
338,1,0,0
260,1,0,0
5506,1,1,0
719,1,0,1
5480,1,0,0
2969,1,0,0
376,1,0,0
4195,1,1,1
2644,1,0,0
4269,1,0,1
302,1,0,0
1075,1,0,0
5015,1,0,0
4425,1,1,0
4653,1,1,1
362,1,0,0
4897,1,1,1
1565,1,0,0
2275,1,0,0
2727,1,0,0
4097,1,0,0
953,1,0,0
481,1,0,0
3624,1,0,0
5572,1,1,1
2206,1,1,1
2610,1,0,0
5174,1,1,1
5099,1,0,0
709,1,0,0
3343,1,1,1
4619,1,0,0
2588,1,0,0
3953,1,0,0
130,1,1,0
4528,1,1,0
5119,1,1,1
3332,1,0,0
490,1,0,0
89,1,1,0
1635,1,0,0
1992,1,0,0
5392,1,0,0
351,1,1,1
3522,1,0,0
2441,1,0,0
4215,1,0,0
2529,1,1,0
1942,1,0,0
399,1,0,0
2911,1,0,0
2567,1,0,0
5639,1,1,0
1049,1,0,0
3176,1,0,0
1821,1,0,0
1100,1,0,0
5397,1,0,0
3021,1,0,0
2024,1,0,0
5021,1,0,0
3316,1,0,0
421,1,0,0
1401,1,0,0
5356,1,0,0
2083,1,0,0
963,1,0,0
1101,1,0,0
2860,1,1,0
4444,1,0,0
4906,1,0,0
435,1,0,0
2358,1,0,0
829,1,0,0
788,1,1,0
4205,1,0,0
3350,1,0,0
456,1,0,0
4599,1,1,0
2073,1,0,0
3419,1,0,0
5177,1,0,0
1105,1,0,0
3835,1,0,0
1770,1,1,0
398,1,0,0
5127,1,1,1
797,1,1,0
2361,1,0,0
5398,1,1,1
5419,1,0,0
4689,1,0,0
4553,1,0,0
1458,1,0,0
1664,1,0,0
1334,1,0,0
755,1,0,0
65,1,1,1
177,1,0,0
4178,1,1,1
2912,1,1,0
2893,1,0,0
26,1,1,0
525,1,0,0
5005,1,0,0
2748,1,0,0
2366,1,0,0
664,1,0,0
2539,1,0,0
1221,1,0,0
1742,1,0,0
3746,1,0,0
332,1,1,1
598,1,1,0
3393,1,0,0
2779,1,0,0
1459,1,0,0
2951,1,0,0
3783,1,0,0
739,1,0,0
2461,1,0,0
228,1,0,0
5654,1,1,0
498,1,0,0
7,1,1,0
1977,1,0,0
902,1,0,0
2624,1,0,0
3125,1,0,0
4434,1,0,0
2586,1,0,0
1237,1,0,0
2349,1,0,0
1932,1,0,0
4057,1,0,0
949,1,0,0
1717,1,0,0
2183,1,0,0
5413,1,0,0
5033,1,0,0
138,1,0,0
4513,1,1,1
2017,1,0,0
251,1,0,0
4598,1,0,0
1090,1,1,0
2016,1,0,1
3737,1,0,0
2902,1,1,0
2475,1,0,0
912,1,1,0
3140,1,0,0
1281,1,0,1
4406,1,1,1
2307,1,0,0
2118,1,0,0
911,1,0,0
3979,1,1,0
2158,1,0,0
4281,1,0,0
1089,1,0,0
2688,1,0,0
3183,1,0,0
936,1,0,0
4111,1,1,0
3964,1,0,0
1250,1,0,0
5123,1,0,0
3534,1,0,0
5372,1,0,0
3622,1,0,0
4254,1,1,1
2594,1,0,0
3401,1,0,0
4043,1,0,0
5323,1,0,0
3643,1,0,0
2347,1,0,0
1792,1,0,0
4474,1,1,1
5189,1,0,0
5493,1,0,0
4744,1,0,0
2968,1,0,0
3448,1,0,0
5377,1,1,0
2874,1,0,0
2463,1,0,0
2750,1,1,0
892,1,0,0
5561,1,1,1
4645,1,0,0
4294,1,1,1
1725,1,0,0
2878,1,0,0
2051,1,1,0
5105,1,0,0
4685,1,0,0
4948,1,1,1
4684,1,1,0
2046,1,0,0
4150,1,0,0
403,1,1,0
5253,1,0,0
50,1,1,0
3529,1,0,0
2639,1,0,0
2697,1,0,0
558,1,0,0
3616,1,0,0
2991,1,0,0
2581,1,0,0
1151,1,0,0
9,1,0,0
1707,1,0,0
3214,1,0,0
1614,1,0,0
1071,1,0,0
5568,1,1,1
4366,1,1,0
5389,1,0,0
716,1,1,0
1896,1,0,0
5137,1,0,0
2123,1,0,0
318,1,1,0
2612,1,0,0
1672,1,0,0
3415,1,0,0
427,1,1,1
2722,1,0,0
546,1,1,0
262,1,0,0
254,1,0,0
666,1,0,0
4983,1,0,0
171,1,0,0
1176,1,0,0
4076,1,0,0
1482,1,0,0
1906,1,0,0
3447,1,0,0
3678,1,0,0
1900,1,0,0
693,1,0,0
2905,1,0,0
4932,1,1,1
3194,1,0,0
4426,1,1,1
2115,1,0,0
2096,1,0,0
4320,1,0,0
781,1,0,0
5194,1,0,0
4657,1,0,0
2535,1,0,0
541,1,0,0
3900,1,0,0
3128,1,1,0
4844,1,1,1
5509,1,0,0
882,1,0,0
4471,1,0,0
2704,1,1,0
4380,1,1,1
5598,1,1,1
4642,1,1,1
1171,1,0,0
4600,1,0,0
1329,1,0,0
5504,1,0,0
5477,1,1,0
75,1,0,0
4408,1,1,1
4326,1,0,0
4006,1,1,0
2194,1,0,0
1466,1,0,0
2387,1,0,0
5259,1,1,0
3121,1,0,0
3802,1,0,0
945,1,0,0
3721,1,0,0
5539,1,1,0
842,1,0,0
3585,1,0,0
4751,1,1,1
4273,1,1,0
3087,1,1,0
4184,1,0,0
225,1,0,0
5027,1,0,0
1856,1,0,0
5632,1,1,1
845,1,0,0
572,1,1,0
5409,1,0,0
4221,1,0,0
2501,1,0,0
154,1,0,0
476,1,0,0
3450,1,0,0
5294,1,1,1
1690,1,0,0
278,1,0,0
3503,1,0,0
5621,1,1,0
1087,1,0,0
2682,1,0,0
382,1,1,0
1099,1,0,0
4879,1,1,1
3022,1,1,0
3249,1,1,0
3821,1,0,0
918,1,0,0
207,1,0,0
4514,1,0,0
4936,1,0,0
5160,1,0,0
297,1,0,0
3698,1,0,0
527,1,0,0
4954,1,0,0
442,1,0,0
2120,1,0,0
1138,1,0,0
4241,1,0,0
3077,1,0,0
4822,1,0,0
5031,1,1,1
2374,1,0,0
3998,1,0,0
4761,1,1,1
1836,1,0,0
2453,1,0,0
2665,1,0,0
2008,1,0,0
4383,1,0,0
47,1,1,0
2201,1,1,0
4520,1,0,0
397,1,0,0
1507,1,0,0
3657,1,0,0
2776,1,0,0
4668,1,1,1
4344,1,0,0
3475,1,0,0
5016,1,0,1
986,1,0,0
5387,1,0,0
5497,1,0,0
4090,1,0,0
5274,1,0,0
237,1,0,0
2119,1,0,0
3839,1,0,0
2886,1,1,0
1104,1,0,0
3255,1,0,0
802,1,0,0
4864,1,0,0
5426,1,0,0
3099,1,0,0
3504,1,0,0
3658,1,0,0
1737,1,0,0
4073,1,0,0
3001,1,1,0
4955,1,1,1
3993,1,0,0
34,1,0,0
2245,1,0,0
4133,1,0,0
3257,1,1,0
5641,1,1,0
564,1,1,0
4672,1,1,1
74,1,0,0
855,1,0,0
309,1,0,0
3917,1,0,0
282,1,1,0
2999,1,0,0
2961,1,1,0
547,1,1,0
3259,1,0,0
5075,1,0,0
1570,1,0,0
1158,1,1,0
1680,1,0,0
720,1,0,0
291,1,0,0
540,1,0,0
2947,1,1,0
2232,1,0,0
1036,1,0,0
3042,1,0,0
1047,1,0,0
2654,1,0,0
2815,1,0,0
2315,1,0,0
60,1,1,0
1599,1,0,0
5643,1,0,0
1189,1,0,0
5041,1,1,1
3816,1,0,0
5223,1,0,0
2443,1,0,0
3803,1,0,0
535,1,0,0
4508,1,1,0
5069,1,0,0
3191,1,0,0
3659,1,0,0
581,1,0,0
3265,1,0,0
195,1,0,0
1263,1,0,0
172,1,0,0
3579,1,0,0
4316,1,1,0
2569,1,0,0
924,1,0,0
1013,1,1,0
4323,1,1,1
1173,1,0,0
1562,1,0,0
1641,1,0,0
3435,1,0,0
1430,1,0,0
3211,1,0,0
4242,1,0,0
5151,1,0,1
5316,1,0,0
4131,1,1,0
4502,1,0,0
2864,1,0,0
1239,1,0,0
4024,1,0,0
415,1,0,0
4920,1,0,0
982,1,0,0
1164,1,0,0
1779,1,0,0
5139,1,0,0
3431,1,1,0
586,1,0,0
595,1,1,0
1811,1,0,0
812,1,1,1
1949,1,0,0
5327,1,0,0
1167,1,0,0
1930,1,0,0
220,1,0,0
1065,1,0,0
4402,1,0,1
1692,1,0,0
3248,1,0,0
2641,1,0,0
2013,1,0,0
3577,1,0,0
774,1,0,0
305,1,0,0
439,1,0,0
713,1,0,0
5184,1,1,1
3774,1,0,0
4388,1,0,0
1024,1,1,0
2849,1,0,0
1082,1,0,0
3180,1,1,0
2293,1,0,0
734,1,0,0
1674,1,0,0
2872,1,0,0
5344,1,0,0
5034,1,0,0
3628,1,0,0
5466,1,0,0
2113,1,0,0
1610,1,0,0
1643,1,0,0
1219,1,0,0
1604,1,0,0
357,1,1,0
5348,1,0,0
530,1,0,0
5644,1,0,0
5455,1,1,1
1093,1,0,0
1765,1,0,0
2444,1,0,0
1935,1,0,0
985,1,0,0
5577,1,1,0
3422,1,0,0
2719,1,1,0
2337,1,0,0
2721,1,0,0
3108,1,0,0
3411,1,0,0
2837,1,0,0
3926,1,0,0
4771,1,1,1
1288,1,0,0
3016,1,0,0
137,1,0,0
973,1,0,0
1648,1,0,0
5023,1,1,1
615,1,0,0
4253,1,0,0
4806,1,0,1
1858,1,0,0
4710,1,1,0
5388,1,1,1
4687,1,1,1
1711,1,0,0
2268,1,0,0
5520,1,1,0
5464,1,0,0
2424,1,0,0
158,1,0,0
3735,1,0,0
3304,1,0,0
1366,1,0,0
414,1,0,0
3351,1,0,0
2330,1,0,0
2821,1,0,0
4002,1,0,0
2803,1,0,0
4197,1,1,1
1040,1,0,0
4596,1,1,0
3408,1,0,0
2964,1,0,0
3930,1,1,0
4901,1,1,1
508,1,1,0
4496,1,0,0
4190,1,0,0
2448,1,0,0
1781,1,0,0
4612,1,1,1
5035,1,0,0
3831,1,0,0
3679,1,0,0
4186,1,0,0
543,1,1,0
2842,1,0,0
4247,1,0,0
223,1,0,0
4430,1,0,0
4609,1,1,1
1402,1,0,0
1872,1,0,0
4058,1,0,0
2136,1,0,0
180,1,0,0
2901,1,1,0
2173,1,0,0
5202,1,0,0
4558,1,0,0
1322,1,0,0
4917,1,1,0
3706,1,1,0
539,1,0,0
289,1,0,0
5536,1,0,0
4228,1,0,0
975,1,0,0
2404,1,0,1
3483,1,0,0
3353,1,1,0
2743,1,0,0
3738,1,0,0
41,1,0,0
4829,1,1,0
3306,1,1,1
3751,1,0,0
4595,1,0,0
4226,1,0,0
3655,1,0,0
5133,1,0,0
2752,1,0,0
5537,1,0,0
876,1,0,0
2383,1,0,0
1391,1,0,0
506,1,0,0
5161,1,0,0
1014,1,1,0
3472,1,1,1
387,1,0,0
3988,1,0,0
307,1,1,0
1336,1,0,0
1863,1,0,0
3916,1,0,0
4161,1,0,0
2941,1,0,0
1255,1,0,0
4272,1,0,0
340,1,0,0
1801,1,0,0
5232,1,1,1
1955,1,0,1
4966,1,0,0
5307,1,0,0
2004,1,0,0
2595,1,0,0
747,1,1,0
3391,1,0,0
4308,1,1,1
2053,1,0,0
3921,1,0,0
1503,1,0,0
4703,1,0,0
3426,1,1,0
1780,1,0,0
3153,1,1,0
765,1,0,0
4356,1,0,0
925,1,0,0
856,1,0,0
3727,1,0,0
5518,1,1,0
1270,1,0,0
4880,1,1,1
4933,1,1,1
1114,1,0,0
5349,1,0,0
5247,1,1,1
751,1,1,0
2703,1,0,0
4722,1,0,0
4427,1,1,1
151,1,0,0
1032,1,0,0
2508,1,0,0
3985,1,0,0
346,1,1,0
4850,1,0,0
2630,1,0,0
1670,1,0,0
706,1,0,0
5260,1,0,0
2675,1,0,0
5001,1,1,1
1746,1,0,0
1400,1,1,0
1017,1,1,1
2885,1,0,0
1649,1,0,0
2240,1,0,0
4071,1,0,0
1502,1,0,0
87,1,0,0
2699,1,0,0
521,1,0,0
5122,1,1,1
1556,1,0,0
3019,1,0,0
3753,1,1,0
3127,1,0,0
2942,1,0,0
5111,1,0,0
1201,1,0,0
2135,1,0,0
4506,1,0,0
3017,1,1,0
5254,1,1,1
4462,1,0,0
5533,1,0,0
2735,1,0,0
3842,1,0,0
1142,1,0,0
4142,1,0,0
10,1,0,0
3053,1,1,0
4288,1,0,1
5528,1,1,0
5405,1,1,0
4079,1,1,0
2296,1,1,0
5501,1,0,0
2671,1,1,0
1845,1,0,0
2099,1,0,0
569,1,1,0
3684,1,0,0
4754,1,0,0
3006,1,0,0
2858,1,0,0
2276,1,0,0
1408,1,0,0
5347,1,0,0
604,1,1,0
4019,1,0,0
4680,1,0,1
5246,1,1,1
2850,1,0,0
4040,1,0,0
1332,1,0,0
1647,1,0,0
2701,1,0,0
2993,1,0,0
3384,1,0,0
688,1,0,0
822,1,0,0
2930,1,0,0
4115,1,0,0
3074,1,0,0
1677,1,0,0
1149,1,1,0
3172,1,0,0
3604,1,0,1
1493,1,0,0
4542,1,0,0
2114,1,0,0
4437,1,1,1
5592,1,1,1
1323,1,0,0
3560,1,0,0
4102,1,1,0
4257,1,0,0
3587,1,0,0
5140,1,0,1
2087,1,0,0
917,1,0,0
4781,1,1,1
1601,1,0,0
5556,1,1,1
559,1,0,0
3456,1,0,0
5154,1,0,0
707,1,0,0
3266,1,0,0
583,1,0,0
1208,1,0,0
3581,1,0,0
422,1,0,0
2633,1,0,0
3508,1,0,0
875,1,0,0
5077,1,0,0
3480,1,0,0
4492,1,0,1
5109,1,0,0
1566,1,0,1
3178,1,0,0
1183,1,0,0
227,1,0,0
826,1,0,0
3793,1,0,0
3264,1,0,0
2321,1,0,0
4868,1,0,0
1636,1,0,0
2828,1,0,0
4023,1,0,0
4050,1,0,0
3095,1,0,0
1190,1,0,0
5478,1,0,0
1374,1,0,0
1569,1,0,0
4419,1,1,0
2134,1,0,0
3697,1,0,0
1808,1,0,0
825,1,0,0
3987,1,0,0
3158,1,1,0
2480,1,1,0
499,1,0,0
4969,1,0,0
4214,1,0,0
816,1,0,0
1316,1,0,0
5340,1,0,0
2533,1,0,0
5026,1,1,1
509,1,0,0
146,1,0,0
4739,1,1,1
5297,1,0,0
3973,1,0,0
629,1,0,0
1536,1,0,0
5435,1,0,0
1196,1,0,0
3068,1,0,0
470,1,0,0
5658,1,1,1
3929,1,0,0
1789,1,0,0
4068,1,0,0
4686,1,0,0
204,1,0,0
2822,1,0,0
2005,1,0,0
5272,1,1,0
4863,1,0,0
3190,1,1,0
2650,1,0,0
2747,1,1,0
2352,1,0,1
1754,1,0,0
1215,1,0,0
3620,1,0,0
5014,1,1,1
4591,1,0,0
1451,1,1,0
2215,1,0,0
3220,1,0,0
1903,1,0,0
979,1,0,0
549,1,0,0
5418,1,0,0
4443,1,1,0
2266,1,0,0
3983,1,0,0
1425,1,0,0
3712,1,0,0
4167,1,1,0
576,1,1,0
2807,1,0,0
1452,1,0,0
4089,1,0,0
445,1,0,0
3677,1,0,0
3530,1,0,0
627,1,1,0
347,1,1,1
341,1,1,0
4556,1,0,0
5468,1,1,0
777,1,0,0
4203,1,0,0
5473,1,0,0
3724,1,1,0
5321,1,0,0
303,1,0,0
926,1,0,0
3894,1,0,0
675,1,0,0
5627,1,1,1
2308,1,0,0
2975,1,0,0
584,1,1,0
2012,1,1,0
3978,1,0,0
5209,1,0,0
3949,1,0,0
2869,1,0,0
241,1,0,0
1862,1,0,0
1479,1,0,0
2014,1,0,0
3849,1,0,0
786,1,0,0
4581,1,0,0
170,1,0,0
2536,1,0,0
3427,1,0,0
896,1,0,0
3084,1,0,0
2775,1,0,0
1376,1,0,0
5169,1,0,0
3892,1,0,0
5017,1,0,0
4128,1,0,0
477,1,0,0
4007,1,1,0
337,1,0,0
1895,1,0,0
320,1,0,0
2129,1,0,0
4874,1,1,1
5263,1,1,1
635,1,0,0
620,1,0,0
3373,1,0,0
3066,1,0,0
1658,1,0,0
2102,1,0,0
3289,1,0,0
2186,1,0,0
4134,1,0,0
3467,1,0,0
3686,1,1,0
3282,1,1,0
4393,1,0,0
3755,1,0,0
2794,1,0,0
681,1,0,0
2312,1,0,0
1709,1,0,0
2298,1,0,0
4429,1,1,0
1261,1,0,0
4284,1,0,0
5558,1,1,0
1950,1,0,0
4972,1,1,1
4154,1,0,0
22,1,1,0
735,1,0,0
536,1,0,0
4535,1,0,1
2769,1,0,0
1585,1,0,0
3601,1,0,0
1349,1,0,0
866,1,0,0
1127,1,0,0
4624,1,1,1
5525,1,0,0
122,1,0,0
5498,1,0,0
2831,1,0,0
5224,1,0,0
1767,1,0,0
4816,1,0,0
4999,1,1,1
3544,1,1,0
1607,1,0,0
2095,1,0,0
4877,1,0,0
3464,1,0,0
2421,1,0,0
1797,1,0,0
3539,1,0,0
4381,1,0,0
1506,1,0,0
2557,1,0,0
5330,1,0,0
2474,1,0,0
3536,1,0,0
167,1,0,0
1193,1,0,0
2937,1,1,0
1220,1,0,0
3823,1,0,0
1194,1,1,0
2627,1,1,1
2364,1,0,0
3120,1,0,0
78,1,1,1
1698,1,0,0
4260,1,0,1
2476,1,0,0
3406,1,0,0
5411,1,0,0
2755,1,1,0
2190,1,1,0
370,1,1,0
485,1,0,0
4604,1,0,1
520,1,0,0
571,1,0,0
2647,1,0,0
3626,1,0,0
2281,1,0,0
1943,1,0,0
2816,1,0,0
947,1,0,0
3119,1,0,0
5206,1,0,1
2356,1,0,0
5664,1,1,1
1489,1,0,0
4410,1,1,1
5071,1,0,0
4117,1,0,0
1096,1,1,0
2124,1,0,0
3787,1,0,0
2655,1,1,0
4727,1,0,0
5326,1,0,0
4378,1,0,0
2824,1,0,0
510,1,0,1
1861,1,0,0
3651,1,0,0
1359,1,0,0
1107,1,1,0
533,1,0,0
4540,1,1,1
2426,1,1,0
4701,1,0,0
2168,1,0,0
2668,1,0,0
413,1,0,0
5317,1,0,0
5086,1,1,1
3939,1,0,0
5430,1,0,0
2731,1,0,0
3210,1,0,0
1730,1,0,0
5057,1,0,0
1002,1,0,0
5187,1,1,1
3491,1,0,0
5228,1,1,1
4461,1,0,0
883,1,0,0
2736,1,0,0
3461,1,0,0
1688,1,0,0
1347,1,0,0
4570,1,1,1
1708,1,0,0
3571,1,0,0
160,1,0,0
670,1,0,0
1266,1,0,0
4960,1,1,1
3941,1,0,0
2679,1,0,0
1551,1,0,0
2325,1,0,0
5083,1,0,0
5383,1,0,0
4605,1,1,1
5132,1,0,0
3511,1,0,0
3971,1,0,0
1365,1,0,0
4093,1,0,0
2225,1,0,0
4799,1,0,0
3276,1,0,0
363,1,1,0
2601,1,0,0
2081,1,1,0
2359,1,0,0
2333,1,0,0
4903,1,1,1
614,1,0,0
1760,1,0,0
91,1,0,0
1644,1,0,0
4708,1,1,0
2570,1,0,0
2563,1,0,0
1964,1,0,0
3392,1,0,0
4584,1,1,1
2001,1,0,0
5567,1,1,0
3527,1,0,0
2966,1,0,0
3986,1,0,0
1661,1,0,0
2401,1,0,0
5064,1,0,0
142,1,0,0
3091,1,0,0
3197,1,0,0
3754,1,0,0
258,1,0,0
1496,1,0,0
1602,1,0,0
4793,1,1,1
2741,1,0,0
4566,1,0,0
649,1,0,0
2323,1,0,0
4709,1,0,0
970,1,1,0
4312,1,1,1
3072,1,1,0
1305,1,0,0
3844,1,1,0
4160,1,0,0
4499,1,0,1
3090,1,1,0
3007,1,0,0
3715,1,0,0
3396,1,0,0
4414,1,1,0
2284,1,0,0
2500,1,0,0
1782,1,0,0
1363,1,0,0
1468,1,1,0
3056,1,0,0
1945,1,0,0
4031,1,0,0
3682,1,0,0
270,1,0,0
5601,1,1,1
5517,1,0,0
1696,1,0,0
4959,1,0,0
2449,1,0,0
1911,1,0,0
3690,1,0,0
1819,1,0,0
406,1,0,0
1805,1,0,1
3313,1,0,0
3262,1,1,0
2933,1,0,0
3468,1,0,0
4137,1,0,0
5038,1,0,0
4900,1,0,0
5257,1,0,0
4724,1,0,0
3186,1,0,0
1544,1,0,0
463,1,0,0
1223,1,0,0
4922,1,0,0
4571,1,0,0
3247,1,0,0
1091,1,0,0
691,1,0,0
1241,1,0,0
103,1,0,0
4147,1,1,0
1631,1,0,0
3692,1,0,0
683,1,0,0
5279,1,0,0
3767,1,0,0
4049,1,0,0
597,1,0,0
4046,1,0,0
3496,1,1,0
5089,1,1,0
2818,1,0,0
2695,1,0,0
4770,1,1,1
2080,1,0,0
199,1,0,0
4634,1,1,1
5451,1,1,0
2121,1,0,0
323,1,1,0
1813,1,0,0
2350,1,0,0
39,1,1,0
2672,1,0,1
68,1,0,0
2410,1,0,0
2182,1,0,0
4773,1,1,0
679,1,0,0
4695,1,0,0
4623,1,1,1
2202,1,0,0
2528,1,0,0
4081,1,0,0
365,1,1,0
733,1,0,0
4066,1,1,0
2341,1,0,0
2071,1,0,0
4927,1,0,0
954,1,1,0
2673,1,0,0
287,1,0,0
3226,1,1,0
3031,1,0,0
3064,1,0,0
5576,1,0,0
2549,1,0,0
2167,1,0,0
4106,1,0,0
3804,1,0,0
2425,1,0,0
1581,1,0,0
2833,1,0,0
2028,1,0,1
2062,1,0,0
4013,1,0,0
2609,1,0,0
4082,1,0,0
5647,1,1,0
2556,1,0,0
3043,1,0,0
2311,1,0,0
3278,1,0,0
5281,1,1,1
2686,1,0,0
3397,1,0,0
2066,1,0,0
1057,1,1,0
793,1,0,0
3642,1,0,0
4815,1,0,0
1732,1,0,0
4219,1,0,0
1097,1,1,1
1597,1,0,0
1293,1,0,0
950,1,1,0
4052,1,0,0
4392,1,0,1
3552,1,0,0
2056,1,0,0
2130,1,0,0
5529,1,0,0
828,1,0,0
5302,1,0,0
2936,1,1,0
4290,1,0,0
2982,1,0,0
722,1,0,0
5527,1,1,0
4486,1,1,1
3240,1,0,0
2888,1,0,0
1595,1,0,0
3670,1,0,0
3695,1,0,0
4836,1,1,1
764,1,0,0
5186,1,0,0
2591,1,0,0
2525,1,0,0
1592,1,0,0
3096,1,0,0
5204,1,0,0
1421,1,0,0
654,1,1,0
4691,1,1,0
283,1,0,0
5146,1,0,0
5562,1,1,1
4233,1,0,0
2259,1,0,0
2026,1,0,0
5544,1,0,0
3352,1,1,0
4146,1,1,0
5245,1,0,0
1445,1,0,0
981,1,0,0
3928,1,0,0
1153,1,0,0
4580,1,1,1
674,1,1,0
468,1,0,0
1317,1,0,0
3693,1,0,0
429,1,0,0
3761,1,0,0
1555,1,0,0
1129,1,0,0
1210,1,0,0
916,1,0,0
166,1,0,0
3059,1,0,0
3957,1,0,0
3972,1,0,0
5352,1,1,1
5298,1,1,1
2494,1,0,0
1000,1,0,0
1178,1,0,0
56,1,1,0
3020,1,0,0
208,1,0,0
2111,1,0,0
4143,1,0,0
1307,1,1,0
1440,1,0,0
425,1,0,0
697,1,0,0
4384,1,0,1
1265,1,0,0
3644,1,0,0
5400,1,1,0
1593,1,0,0
5394,1,0,0
2301,1,0,0
492,1,0,0
961,1,0,0
1860,1,0,0
5030,1,0,0
5042,1,0,0
3035,1,1,0
978,1,1,0
5292,1,0,0
5585,1,1,1
819,1,1,0
2866,1,0,0
1826,1,1,0
5231,1,0,0
4382,1,0,0
1467,1,0,0
4785,1,1,0
621,1,0,0
4192,1,0,0
4339,1,1,0
3048,1,0,0
1778,1,0,0
4417,1,1,1
336,1,1,0
3853,1,0,0
3703,1,0,0
1083,1,0,0
3400,1,1,0
2607,1,0,0
4977,1,0,0
390,1,0,0
737,1,0,0
113,1,0,0
1068,1,0,0
937,1,0,0
2299,1,0,0
1873,1,1,0
5221,1,0,0
1015,1,0,0
2883,1,0,0
3291,1,0,0
257,1,0,0
3896,1,0,0
1339,1,0,0
1152,1,0,0
2264,1,0,0
992,1,1,0
3675,1,0,0
4804,1,0,0
2558,1,0,0
1009,1,0,0
3809,1,0,0
3610,1,0,0
526,1,0,0
3906,1,0,0
4755,1,0,0
132,1,1,0
2462,1,0,0
35,1,1,0
441,1,0,0
64,1,0,0
2029,1,0,0
1668,1,0,0
4957,1,0,0
1282,1,0,0
2175,1,0,0
638,1,0,0
3846,1,0,0
1224,1,0,0
4075,1,1,1
5258,1,1,0
3489,1,1,0
1218,1,0,0
1598,1,0,0
2725,1,0,0
2836,1,0,1
4350,1,0,0
5652,1,0,0
767,1,0,0
2572,1,0,0
4749,1,0,0
1294,1,0,0
3999,1,1,0
4110,1,0,0
1108,1,0,0
1659,1,0,0
1744,1,0,0
1278,1,0,0
3157,1,1,0
5318,1,0,0
2959,1,0,0
3982,1,0,0
4801,1,0,0
2952,1,0,0
129,1,1,0
2700,1,1,0
3457,1,0,0
2255,1,0,0
27,1,0,0
3590,1,0,0
4766,1,0,0
4572,1,0,1
452,1,0,0
1234,1,1,0
5096,1,0,0
1719,1,0,0
5401,1,0,1
4261,1,0,0
3794,1,0,0
459,1,0,0
3558,1,0,0
2391,1,0,0
680,1,0,0
2009,1,0,0
4045,1,0,0
2466,1,0,0
1747,1,0,0
3759,1,0,0
1954,1,0,0
361,1,0,0
1804,1,0,0
4389,1,1,0
4697,1,0,0
202,1,0,0
934,1,0,0
3525,1,0,0
5010,1,0,0
5341,1,0,0
964,1,0,0
124,1,0,0
5104,1,0,0
3025,1,0,0
5370,1,1,1
1965,1,0,0
2972,1,0,0
3880,1,0,0
2515,1,0,1
4663,1,1,0
5404,1,0,0
446,1,0,0
4589,1,1,0
2996,1,0,0
647,1,0,0
4555,1,0,0
2452,1,0,0
3323,1,0,0
4113,1,0,0
1757,1,0,0
1588,1,0,0
935,1,0,0
1450,1,0,0
4714,1,1,1
523,1,1,0
1353,1,0,0
5620,1,1,1
3138,1,1,0
1188,1,0,0
217,1,0,0
1415,1,1,0
5376,1,0,0
4295,1,0,0
3440,1,0,0
4947,1,0,0
877,1,0,0
3294,1,0,0
4108,1,0,0
2022,1,1,0
4285,1,1,1
66,1,0,0
4053,1,0,0
1481,1,0,0
5660,1,1,1
736,1,0,0
1846,1,0,0
272,1,0,0
1490,1,0,0
3429,1,0,0
4907,1,0,1
5545,1,0,0
4688,1,0,1
4994,1,0,0
1944,1,0,0
660,1,0,0
1446,1,1,0
2801,1,0,0
3725,1,0,0
288,1,0,0
3542,1,0,0
1776,1,0,0
1357,1,0,0
782,1,0,0
3960,1,0,0
4048,1,1,0
1978,1,0,0
3826,1,0,0
226,1,0,0
760,1,0,0
3163,1,0,0
514,1,0,0
727,1,0,0
5410,1,1,1
3589,1,0,0
1605,1,0,0
5522,1,0,0
3097,1,0,0
5526,1,0,1
2917,1,0,0
2891,1,0,0
4251,1,1,1
908,1,0,0
800,1,0,0
768,1,0,0
193,1,0,0
663,1,1,0
742,1,1,0
3709,1,1,0
4789,1,1,1
1454,1,0,0
612,1,0,0
5628,1,1,0
4136,1,0,0
1870,1,0,0
4400,1,0,1
3638,1,0,0
401,1,0,0
3540,1,0,0
4546,1,0,0
849,1,1,0
4477,1,0,1
4044,1,0,0
1728,1,0,0
374,1,0,0
5301,1,0,0
2935,1,0,0
537,1,0,0
4568,1,1,1
3851,1,0,0
1007,1,0,0
5424,1,0,0
4503,1,0,0
409,1,0,0
578,1,1,0
692,1,1,0
1611,1,0,0
2734,1,0,0
5540,1,0,0
5097,1,0,0
4716,1,1,1
3625,1,0,0
655,1,0,0
444,1,0,0
3992,1,0,0
1829,1,0,0
3165,1,0,0
5050,1,0,0
1228,1,1,0
4267,1,0,1
3385,1,0,0
2286,1,0,0
4564,1,0,0
3133,1,0,0
590,1,0,0
2906,1,0,0
1575,1,0,0
478,1,0,0
3129,1,0,0
4895,1,0,0
4990,1,1,1
2656,1,1,0
2396,1,0,0
2140,1,0,0
3124,1,0,0
5580,1,0,0
2660,1,0,0
1871,1,0,0
4862,1,0,0
3283,1,0,0
2620,1,0,0
465,1,0,0
743,1,1,0
2751,1,1,0
4986,1,1,1
182,1,0,0
4661,1,1,1
242,1,0,0
2716,1,0,0
1394,1,1,0
1053,1,0,0
3786,1,0,0
653,1,0,0
148,1,0,0
708,1,1,0
369,1,1,0
23,1,0,0
3312,1,0,0
1285,1,0,0
1957,1,0,0
2260,1,0,0
1532,1,0,0
1436,1,0,0
919,1,0,0
1199,1,0,0
2216,1,0,0
5131,1,0,0
469,1,0,0
5458,1,0,0
1192,1,0,0
106,1,1,1
1484,1,1,0
4656,1,1,1
350,1,1,0
1509,1,0,0
1260,1,0,0
48,1,1,1
238,1,0,0
5011,1,0,1
712,1,0,0
1443,1,0,0
5261,1,1,0
5594,1,1,1
4759,1,1,1
5472,1,1,1
4464,1,0,0
2663,1,0,0
2718,1,0,0
2613,1,0,0
4713,1,0,0
2511,1,0,0
900,2,0,0
5656,2,1,0
4206,2,0,0
5118,2,0,0
4809,2,0,0
3608,2,0,0
1931,2,0,0
5312,2,0,0
4841,2,0,0
3033,2,0,0
2771,2,0,0
4262,2,1,0
5439,2,0,0
4315,2,0,0
4234,2,1,1
2254,2,0,0
2125,2,0,0
30,2,0,0
2306,2,1,0
3206,2,0,0
1226,2,0,0
4756,2,0,0
2329,2,0,0
4009,2,0,0
173,2,0,0
2676,2,0,0
4032,2,0,0
5207,2,0,0
3241,2,0,0
859,2,0,0
4286,2,1,0
1972,2,0,0
4774,2,1,1
1917,2,0,0
4087,2,0,0
3841,2,0,0
25,2,1,0
2491,2,0,0
5534,2,0,0
807,2,1,1
1469,2,0,0
2006,2,0,0
4324,2,1,0
4677,2,0,0
4060,2,0,0
4213,2,1,0
3195,2,0,0
493,2,0,0
1623,2,0,0
2651,2,0,0
4987,2,0,0
1001,2,0,0
2317,2,0,0
4314,2,0,1
1951,2,0,0
2746,2,0,0
4183,2,0,0
972,2,0,0
1308,2,0,0
4516,2,1,1
3273,2,0,0
3708,2,0,0
3258,2,0,0
2489,2,0,0
4063,2,1,0
611,2,1,0
4299,2,1,0
4909,2,0,0
3745,2,0,0
3817,2,0,0
2811,2,0,0
384,2,0,0
3951,2,0,0
5188,2,0,0
5103,2,0,0
2642,2,0,0
1663,2,0,0
5604,2,1,0
3345,2,0,0
1701,2,0,0
16,2,1,0
4120,2,0,0
1058,2,1,0
640,2,0,0
2659,2,0,0
4227,2,0,0
3010,2,0,0
3213,2,0,0
2169,2,0,0
3652,2,0,0
2813,2,0,0
4728,2,1,1
5322,2,0,0
1186,2,0,0
3933,2,0,0
3772,2,1,0
3335,2,0,0
2662,2,0,0
3546,2,1,0
4712,2,0,0
4354,2,1,0
1716,2,0,0
2960,2,0,0
2469,2,0,0
3664,2,1,0
4560,2,1,0
1966,2,0,0
1920,2,1,1
3143,2,0,0
5051,2,0,0
4531,2,1,1
2965,2,0,0
585,2,0,0
3984,2,0,0
5622,2,1,1
36,2,1,0
1072,2,1,1
76,2,1,1
2238,2,0,0
4423,2,1,1
4552,2,1,1
997,2,0,0
5142,2,0,0
2368,2,0,0
625,2,0,0
4252,2,1,1
4141,2,0,0
2049,2,0,0
3403,2,0,0
3713,2,0,0
1407,2,0,0
1905,2,0,0
639,2,0,0
375,2,0,0
80,2,1,0
3554,2,0,0
2170,2,0,0
4615,2,1,1
1327,2,1,0
2786,2,0,0
2793,2,0,0
3293,2,1,0
4824,2,0,0
5150,2,0,0
5482,2,1,1
1384,2,0,0
189,2,0,0
1515,2,1,0
5441,2,0,0
5243,2,1,1
2344,2,0,0
4236,2,0,0
2059,2,0,0
353,2,0,0
2398,2,0,0
3081,2,0,0
4309,2,0,0
2248,2,0,0
4495,2,0,0
1383,2,0,0
1628,2,1,0
2176,2,0,0
3969,2,0,0
2495,2,1,0
4652,2,0,0
2326,2,0,0
5422,2,0,0
4638,2,1,0
2929,2,0,0
3476,2,0,0
5088,2,0,0
4726,2,0,0
3106,2,0,0
1470,2,0,0
1839,2,0,0
5283,2,1,1
2110,2,0,0
3743,2,0,0
3298,2,0,1
240,2,0,0
1517,2,0,0
5450,2,0,0
2163,2,0,0
3334,2,1,0
5390,2,1,0
676,2,0,0
3702,2,0,0
4610,2,0,1
5295,2,0,0
3931,2,0,0
4017,2,0,0
5205,2,0,0
1382,2,0,0
1205,2,0,0
2454,2,0,0
2919,2,0,0
3486,2,0,0
4768,2,0,0
1027,2,1,0
1019,2,0,0
1816,2,0,0
3105,2,0,0
4748,2,1,1
4930,2,1,1
3430,2,1,0
4981,2,0,0
2830,2,0,0
1442,2,0,0
5036,2,0,0
2392,2,0,0
3055,2,0,0
1483,2,0,0
4051,2,0,0
2373,2,0,0
4746,2,0,0
3818,2,0,0
4035,2,0,0
3070,2,0,0
2367,2,0,0
3922,2,0,0
3142,2,0,0
135,2,0,0
2623,2,0,0
1292,2,0,0
4795,2,0,0
852,2,0,0
2814,2,0,0
3150,2,1,0
4080,2,0,0
1617,2,0,0
2826,2,0,0
3413,2,0,0
3852,2,0,0
3177,2,0,0
2614,2,0,0
5250,2,0,0
5414,2,0,0
2867,2,0,0
3617,2,0,0
5156,2,0,0
1654,2,0,0
5614,2,1,1
3582,2,0,0
140,2,0,0
3509,2,0,0
1589,2,0,0
4338,2,1,0
2496,2,1,1
5564,2,1,0
2437,2,0,0
3279,2,0,0
5589,2,1,1
820,2,1,0
4818,2,0,0
2745,2,0,0
5062,2,0,0
1069,2,0,0
4740,2,1,1
2532,2,0,0
1136,2,0,0
1817,2,0,0
229,2,0,0
999,2,0,0
2715,2,0,0
1558,2,0,0
4037,2,0,0
3200,2,0,0
5147,2,0,0
2580,2,0,0
5199,2,0,0
24,2,1,0
1118,2,1,0
2149,2,0,0
628,2,1,0
1471,2,1,0
261,2,0,0
3910,2,0,0
1388,2,1,0
3040,2,0,0
3297,2,0,1
4797,2,0,0
2553,2,0,0
2422,2,0,0
3490,2,0,0
3609,2,0,0
1695,2,0,0
8,2,0,0
1606,2,0,0
1066,2,0,0
1902,2,0,0
2411,2,0,0
5551,2,1,1
1713,2,0,0
3061,2,0,0
400,2,1,0
4867,2,1,1
5076,2,1,0
1994,2,0,0
1539,2,0,0
5211,2,0,0
4693,2,0,0
4545,2,0,0
5002,2,0,0
3281,2,1,1
38,2,1,0
2292,2,0,0
1287,2,0,0
864,2,0,0
4700,2,1,0
5448,2,0,0
4817,2,1,1
4627,2,1,1
1434,2,0,0
2440,2,0,0
2433,2,0,0
4086,2,0,0
2375,2,0,0
4796,2,0,0
4941,2,0,0
3328,2,0,0
3101,2,0,0
3362,2,0,0
2568,2,0,0
5055,2,0,0
890,2,0,0
4541,2,1,0
698,2,0,0
293,2,0,0
4055,2,0,0
2724,2,0,0
2297,2,0,0
3788,2,0,0
4041,2,0,0
1112,2,0,0
631,2,0,0
212,2,0,0
4054,2,0,0
5180,2,0,1
1609,2,0,0
5543,2,0,0
4125,2,0,0
2376,2,0,0
198,2,0,0
5112,2,1,0
3781,2,1,0
5571,2,1,0
5007,2,1,1
5665,2,1,1
4859,2,1,0
3944,2,0,0
1934,2,0,0
3535,2,1,0
570,2,0,0
3141,2,0,0
3728,2,0,0
2631,2,0,0
295,2,0,0
3171,2,0,0
2876,2,0,0
4646,2,1,1
4519,2,1,1
4276,2,1,1
3310,2,0,0
1204,2,0,0
4524,2,0,1
567,2,0,1
2446,2,0,0
3000,2,0,0
2439,2,0,0
4517,2,0,1
4594,2,0,0
2085,2,0,0
2509,2,1,0
3623,2,0,0
4401,2,1,1
4731,2,0,0
1645,2,0,0
3815,2,0,0
5237,2,1,0
750,2,1,0
1161,2,0,0
4001,2,0,0
2074,2,0,0
277,2,0,0
1146,2,0,0
294,2,0,0
977,2,1,0
1761,2,0,0
3018,2,0,0
1168,2,0,0
3517,2,0,0
2314,2,0,1
3324,2,0,0
3545,2,1,0
4369,2,0,0
1369,2,0,0
904,2,0,0
4163,2,0,0
2585,2,0,0
4743,2,0,0
4606,2,0,0
1314,2,0,0
4085,2,0,0
3915,2,0,0
1726,2,0,0
2357,2,0,0
4569,2,1,0
5028,2,0,0
4928,2,1,1
4538,2,0,1
4730,2,1,0
4364,2,0,0
1397,2,0,0
1244,2,0,0
833,2,0,0
149,2,0,0
3647,2,0,0
2348,2,0,0
5087,2,0,0
184,2,0,0
887,2,0,0
920,2,1,0
1487,2,0,0
2926,2,0,0
3634,2,0,0
4705,2,0,0
4872,2,0,1
672,2,0,0
1908,2,0,0
2108,2,0,0
2035,2,0,0
2231,2,1,0
264,2,0,0
3299,2,0,0
2504,2,1,0
5070,2,0,0
1411,2,0,0
5290,2,0,0
3030,2,0,0
209,2,0,0
5313,2,0,0
2250,2,0,0
2395,2,0,0
4475,2,1,0
1500,2,0,0
2291,2,0,1
1084,2,0,0
1267,2,0,0
1109,2,0,0
3547,2,1,0
2749,2,0,0
3454,2,0,0
4302,2,1,1
2882,2,0,0
3437,2,0,0
3322,2,0,0
3966,2,0,0
809,2,0,0
3170,2,1,0
3028,2,0,0
2875,2,0,0
3254,2,0,0
3975,2,1,0
3029,2,0,0
5523,2,0,0
5235,2,1,1
51,2,0,0
5369,2,0,0
3154,2,1,0
1969,2,0,0
2713,2,1,0
1362,2,0,0
1514,2,0,0
2152,2,0,0
5346,2,0,0
112,2,0,0
4803,2,1,0
168,2,0,0
2322,2,0,0
4527,2,0,0
4738,2,0,0
4935,2,1,1
2602,2,0,0
4574,2,0,0
4256,2,1,1
1245,2,0,0
1354,2,0,0
3758,2,0,0
4235,2,1,1
1157,2,0,0
3537,2,0,0
4832,2,0,0
3326,2,0,0
4358,2,0,0
5618,2,1,1
1115,2,0,0
2483,2,1,0
853,2,0,0
5082,2,0,0
5162,2,0,0
2258,2,0,0
3899,2,0,0
53,2,0,0
4061,2,0,0
5080,2,0,0
2177,2,0,0
5116,2,0,0
5170,2,0,0
3700,2,0,0
2552,2,0,0
4579,2,0,0
2841,2,1,0
1212,2,0,0
4263,2,1,1
3145,2,0,0
4995,2,0,0
3848,2,0,0
3994,2,0,0
5366,2,0,0
3591,2,0,0
5345,2,0,0
2765,2,0,0
515,2,0,0
5166,2,0,0
2709,2,0,0
356,2,0,0
5155,2,0,0
2710,2,0,0
529,2,0,0
3320,2,0,0
59,2,1,0
948,2,0,0
4395,2,0,0
281,2,0,1
3348,2,0,0
1629,2,0,0
2782,2,0,0
4180,2,1,0
4365,2,0,0
4828,2,0,0
451,2,0,0
3575,2,1,0
2732,2,0,0
5335,2,0,0
1276,2,0,0
1283,2,0,0
4047,2,1,0
5305,2,0,0
1530,2,0,0
4033,2,0,0
805,2,0,0
5361,2,1,1
1529,2,0,0
2554,2,0,0
3749,2,1,0
4490,2,0,0
49,2,0,0
2691,2,0,0
3054,2,0,0
801,2,0,0
4965,2,0,0
1367,2,1,0
424,2,0,0
5440,2,0,0
0,2,0,0
2034,2,0,0
1269,2,0,0
176,2,0,0
5058,2,0,1
512,2,0,0
1286,2,0,0
1462,2,1,0
2409,2,0,0
4448,2,1,1
2384,2,0,0
766,2,0,0
1348,2,1,0
3785,2,0,0
2482,2,1,0
1054,2,1,0
5181,2,0,0
4911,2,1,1
2455,2,0,0
532,2,0,0
4988,2,0,0
5029,2,0,0
5093,2,0,0
380,2,1,0
1866,2,0,0
5110,2,1,1
3346,2,0,0
2681,2,0,0
4798,2,0,0
930,2,0,0
2626,2,0,0
2526,2,0,0
5609,2,1,0
5661,2,1,1
419,2,0,0
3714,2,1,0
1480,2,0,0
1059,2,0,0
1970,2,0,0
4176,2,1,1
73,2,1,1
3173,2,0,0
2604,2,0,0
2880,2,0,0
1252,2,0,1
1894,2,0,0
2598,2,0,0
1864,2,0,0
1461,2,0,0
1181,2,1,0
5124,2,0,0
488,2,0,0
1124,2,0,0
1257,2,0,0
1541,2,0,0
388,2,0,0
3065,2,0,0
3919,2,0,0
2211,2,0,0
1290,2,0,0
2510,2,0,0
2995,2,0,0
5403,2,0,0
455,2,0,0
815,2,0,0
1086,2,0,0
2920,2,1,0
2638,2,0,0
3130,2,1,0
5524,2,0,0
1279,2,0,0
1429,2,0,0
2777,2,0,0
2222,2,0,0
352,2,0,0
3719,2,0,0
3389,2,0,0
3873,2,0,0
2082,2,0,0
1203,2,0,0
1405,2,1,0
5130,2,0,0
1699,2,0,0
1705,2,0,0
2913,2,0,0
1274,2,0,0
2207,2,0,0
163,2,0,0
2047,2,0,0
4582,2,0,0
3280,2,0,0
3360,2,0,0
3688,2,0,0
5229,2,0,0
408,2,0,0
4238,2,0,0
4118,2,0,0
4821,2,0,0
641,2,0,0
4476,2,0,0
1343,2,0,0
888,2,0,0
1557,2,1,0
1085,2,1,0
3927,2,0,0
531,2,0,0
3008,2,0,0
2447,2,0,0
5575,2,1,1
2767,2,0,0
1671,2,0,0
2109,2,0,0
1148,2,0,0
3166,2,0,0
266,2,0,0
3763,2,0,0
5513,2,0,0
3736,2,0,0
360,2,0,0
1460,2,0,0
3421,2,0,0
952,2,0,0
2160,2,0,0
5559,2,1,1
1574,2,0,0
5581,2,1,0
3337,2,1,0
1842,2,0,0
2208,2,0,0
2979,2,0,0
3436,2,0,0
5227,2,1,1
754,2,0,0
1378,2,0,0
980,2,0,0
2100,2,0,0
286,2,0,0
3533,2,0,0
3088,2,1,0
1154,2,1,1
1511,2,0,0
4231,2,0,0
3261,2,1,0
4539,2,0,0
2191,2,0,0
211,2,0,0
3164,2,1,0
274,2,0,0
88,2,0,0
2798,2,1,0
2324,2,0,0
298,2,1,0
3674,2,1,0
5153,2,0,0
3776,2,0,0
4721,2,1,0
315,2,0,0
5053,2,1,1
2151,2,0,0
3288,2,0,0
3117,2,1,0
2020,2,0,0
4908,2,0,0
2974,2,0,0
1275,2,0,0
2413,2,0,0
528,2,0,0
4404,2,1,1
1505,2,0,0
3598,2,1,0
3681,2,0,0
1318,2,1,0
3380,2,1,0
3034,2,0,0
2380,2,1,0
4311,2,0,0
2616,2,0,0
1166,2,0,0
3471,2,1,1
5102,2,0,0
5061,2,0,0
4923,2,1,1
2871,2,1,0
1222,2,0,0
4826,2,1,1
4255,2,0,0
1982,2,0,0
5284,2,1,0
4020,2,0,0
371,2,1,0
3482,2,0,0
2131,2,0,0
3418,2,0,0
3424,2,0,0
1538,2,0,0
5485,2,0,0
2744,2,0,0
1553,2,0,0
4335,2,1,1
2817,2,0,0
4779,2,0,0
618,2,0,0
2381,2,0,0
4391,2,0,1
4526,2,0,0
4375,2,0,0
3524,2,0,0
2629,2,0,0
4123,2,0,0
5063,2,0,0
2766,2,0,0
3895,2,1,0
1656,2,0,0
969,2,0,0
1843,2,0,0
3024,2,0,0
3151,2,0,0
3386,2,0,0
5484,2,1,0
1211,2,1,1
5084,2,0,0
1428,2,0,0
5233,2,1,0
426,2,0,0
4094,2,0,0
4271,2,0,1
1923,2,0,0
3395,2,0,0
5350,2,0,0
404,2,0,0
491,2,0,0
5183,2,0,0
3494,2,0,0
824,2,0,0
2542,2,0,0
3673,2,0,0
2790,2,0,0
4694,2,1,1
3515,2,0,0
4951,2,1,1
5496,2,0,0
1788,2,0,0
2187,2,0,1
2145,2,0,0
4505,2,0,0
3246,2,0,0
1841,2,1,0
1209,2,0,0
974,2,0,0
474,2,0,0
3311,2,0,0
215,2,0,0
656,2,0,0
3235,2,0,0
2519,2,0,0
1583,2,0,0
5542,2,0,0
1130,2,0,0
3038,2,0,0
2063,2,0,0
4592,2,0,0
4407,2,1,1
131,2,0,0
4347,2,1,1
3566,2,0,0
1341,2,0,0
2184,2,0,0
4860,2,0,0
594,2,1,0
5141,2,0,0
810,2,0,0
247,2,0,0
4374,2,0,0
29,2,1,0
1119,2,0,0
3363,2,0,0
2792,2,0,0
4243,2,1,1
4857,2,0,0
1974,2,0,0
633,2,0,0
46,2,0,0
5068,2,0,0
4873,2,0,0
868,2,1,0
1320,2,0,0
4993,2,0,0
1543,2,0,0
4129,2,0,0
3559,2,0,0
4217,2,1,1
2503,2,0,0
3567,2,0,0
3058,2,0,0
860,2,1,0
4105,2,0,0
2138,2,0,0
1984,2,0,0
2310,2,0,0
2759,2,0,0
2531,2,0,0
848,2,0,0
1243,2,0,0
4174,2,0,0
4270,2,0,0
3045,2,0,0
1180,2,0,0
3460,2,0,0
4330,2,0,0
2371,2,1,0
2,2,0,0
5515,2,0,0
1755,2,0,0
4011,2,0,0
1048,2,0,0
1418,2,0,0
4491,2,0,0
5355,2,0,0
862,2,0,0
3863,2,0,0
4942,2,1,1
2551,2,0,0
5599,2,1,0
2431,2,0,0
3797,2,0,0
310,2,0,0
1618,2,0,0
1092,2,0,0
1940,2,0,0
3825,2,0,0
1229,2,1,0
5353,2,0,0
1733,2,0,0
5645,2,1,1
3750,2,0,0
3063,2,0,0
2622,2,0,0
1393,2,1,0
4562,2,0,1
4349,2,1,1
2834,2,0,0
2405,2,0,0
3009,2,0,0
4122,2,0,0
762,2,0,0
3890,2,1,0
4973,2,0,0
966,2,0,0
3314,2,0,0
3441,2,0,0
682,2,0,0
2546,2,0,0
991,2,0,0
914,2,1,0
4704,2,0,0
4741,2,1,1
185,2,0,0
922,2,0,0
4949,2,0,0
4170,2,0,0
3556,2,0,0
1619,2,0,0
1830,2,0,0
2484,2,0,0
3148,2,0,0
740,2,0,0
4989,2,0,0
971,2,0,0
2564,2,0,0
3962,2,1,0
1116,2,0,0
156,2,0,0
2467,2,0,0
3860,2,0,0
831,2,0,0
835,2,0,0
2825,2,0,0
502,2,0,0
989,2,0,0
3937,2,0,0
923,2,0,0
2044,2,0,0
1980,2,0,0
249,2,0,0
3911,2,0,0
2683,2,0,0
1346,2,0,0
5182,2,0,0
4842,2,1,1
3653,2,0,0
355,2,0,0
744,2,0,0
844,2,0,0
723,2,0,0
1976,2,0,0
2955,2,0,0
4340,2,1,0
2214,2,0,0
3648,2,0,0
3870,2,0,0
4488,2,0,0
3292,2,0,0
4765,2,0,0
1258,2,0,0
2988,2,0,0
85,2,1,1
746,2,0,0
1867,2,0,0
1315,2,0,0
3898,2,0,0
962,2,0,0
4650,2,0,0
265,2,0,0
2428,2,0,0
4116,2,0,0
3086,2,0,0
3139,2,0,0
2069,2,0,0
4202,2,1,0
4533,2,0,0
1800,2,0,0
2235,2,0,0
3543,2,0,0
3062,2,0,0
2212,2,0,0
5512,2,0,0
4266,2,1,1
5333,2,0,0
1985,2,0,0
1371,2,0,0
2122,2,0,0
3907,2,1,1
5434,2,0,0
2057,2,0,0
5432,2,1,0
3947,2,0,0
2058,2,0,0
3711,2,0,0
2904,2,0,0
3838,2,1,0
5072,2,1,1
5608,2,1,0
284,2,0,0
95,2,0,0
5406,2,0,0
2664,2,0,0
3955,2,0,0
3442,2,0,0
5175,2,0,0
5563,2,1,0
2649,2,0,0
2280,2,0,0
2521,2,0,0
3613,2,0,0
1284,2,0,0
4022,2,0,0
2003,2,0,0
2153,2,0,0
3764,2,1,0
2239,2,0,0
3932,2,0,0
4848,2,0,0
4151,2,0,0
4578,2,1,1
43,2,1,0
3956,2,0,0
4416,2,1,1
2802,2,0,0
3089,2,1,0
5167,2,0,0
5074,2,0,0
4333,2,0,0
1809,2,0,0
1003,2,0,0
3859,2,0,0
2393,2,1,0
1076,2,0,0
4943,2,0,0
3855,2,0,0
3412,2,0,0
4831,2,0,1
300,2,0,0
2898,2,0,0
2507,2,0,0
942,2,0,0
4916,2,0,1
2370,2,0,0
1259,2,0,0
4919,2,1,1
2522,2,0,0
3156,2,0,0
4559,2,0,0
4101,2,0,0
841,2,0,0
1868,2,0,0
326,2,1,1
2436,2,0,1
3208,2,0,0
5255,2,1,1
1464,2,0,0
3131,2,0,0
2061,2,1,0
4790,2,0,0
4483,2,1,1
2571,2,0,0
3103,2,0,0
3333,2,0,0
603,2,0,0
4418,2,1,0
865,2,0,0
1890,2,0,0
4042,2,0,0
5200,2,0,0
5129,2,1,0
3367,2,0,0
1280,2,0,0
830,2,0,0
3149,2,0,0
3799,2,0,0
1904,2,0,0
4551,2,0,0
4403,2,1,1
2050,2,0,0
1302,2,0,0
328,2,1,1
4849,2,0,0
1704,2,0,0
2493,2,0,0
5605,2,1,1
4025,2,0,0
479,2,1,1
3629,2,0,0
1175,2,0,0
5178,2,0,0
2957,2,0,0
4010,2,1,0
117,2,0,0
2862,2,0,0
879,2,0,0
1029,2,1,0
466,2,0,0
4898,2,0,1
3083,2,0,0
1901,2,0,0
1975,2,0,0
776,2,0,0
4664,2,0,0
1786,2,0,0
5557,2,1,1
5606,2,1,1
84,2,1,1
1665,2,0,0
3487,2,0,0
2789,2,0,0
4851,2,1,1
2143,2,0,0
2199,2,1,0
511,2,0,0
3209,2,0,0
731,2,0,0
2220,2,0,0
4974,2,1,1
4626,2,0,0
5003,2,1,1
4861,2,1,1
2783,2,0,0
2002,2,0,0
5499,2,0,0
3666,2,0,0
5667,2,1,1
4470,2,0,0
1633,2,0,0
2757,2,0,0
2859,2,1,1
1184,2,0,0
3122,2,1,0
3184,2,0,0
2055,2,0,0
4334,2,0,0
4083,2,1,0
127,2,0,0
4450,2,0,0
164,2,0,0
5368,2,0,0
1510,2,0,0
3199,2,0,0
1319,2,0,0
2540,2,0,0
472,2,0,0
1997,2,0,0
18,2,1,1
3952,2,0,0
2956,2,0,0
2042,2,0,0
2137,2,0,0
1025,2,0,0
97,2,0,0
5073,2,0,0
3114,2,0,0
2835,2,0,0
3161,2,0,0
449,2,0,0
550,2,0,0
4372,2,1,1
3744,2,0,0
178,2,0,0
4529,2,0,0
3654,2,0,0
1340,2,0,0
5502,2,0,0
3548,2,0,0
3520,2,0,0
1591,2,0,0
1516,2,0,0
741,2,0,0
1769,2,0,0
5244,2,1,1
483,2,1,1
5308,2,0,0
2810,2,0,0
2021,2,0,0
5602,2,1,1
1910,2,0,0
2485,2,0,0
780,2,0,0
4644,2,0,0
77,2,0,0
4878,2,1,1
1889,2,0,0
5222,2,1,1
673,2,0,0
2203,2,0,0
4782,2,0,0
4971,2,0,0
458,2,0,0
2865,2,0,0
752,2,0,0
121,2,0,0
3637,2,0,0
699,2,1,0
2924,2,1,0
5012,2,1,1
1492,2,0,0
5588,2,1,1
1948,2,0,0
2086,2,0,0
3365,2,0,0
31,2,0,0
2154,2,0,0
2758,2,0,0
69,2,0,0
1449,2,0,0
5483,2,0,0
3175,2,1,1
3627,2,0,0
3877,2,0,0
3959,2,1,1
5378,2,0,0
3221,2,0,0
3146,2,0,0
1531,2,0,0
4501,2,0,0
2432,2,0,0
4361,2,1,1
3574,2,0,0
3182,2,0,0
1912,2,0,0
504,2,0,0
339,2,0,0
4910,2,0,0
3580,2,0,0
5304,2,1,0
798,2,0,0
4840,2,1,1
5309,2,0,0
5446,2,0,0
61,2,0,1
1775,2,0,0
2845,2,0,0
5587,2,1,1
2460,2,0,0
4237,2,0,0
1567,2,0,0
4289,2,1,0
4742,2,1,0
4456,2,0,0
2848,2,0,0
1689,2,0,0
4153,2,0,0
2986,2,0,0
2419,2,0,0
4454,2,0,0
5351,2,0,0
1568,2,0,0
3965,2,0,0
2339,2,0,0
2094,2,0,0
5019,2,0,0
2041,2,0,0
4373,2,1,0
2200,2,0,0
2272,2,0,0
381,2,0,0
3864,2,0,0
2412,2,0,0
3912,2,0,0
1390,2,0,0
5101,2,0,0
3914,2,1,0
1952,2,0,0
4162,2,0,0
2915,2,0,0
2342,2,0,0
4209,2,0,0
245,2,0,0
1439,2,0,0
1022,2,0,0
3233,2,0,0
411,2,0,0
2261,2,0,0
1062,2,1,0
4212,2,1,0
5554,2,1,1
4343,2,0,0
3561,2,1,0
665,2,0,0
5586,2,1,1
5270,2,0,0
4188,2,1,0
5596,2,1,1
114,2,0,0
3989,2,0,0
2302,2,0,0
2477,2,0,0
3250,2,0,0
118,2,0,0
1981,2,0,0
2180,2,0,0
162,2,0,0
263,2,0,0
4342,2,0,0
775,2,0,0
4871,2,0,0
4648,2,1,0
5136,2,0,0
4676,2,0,1
4940,2,0,0
4473,2,1,1
651,2,0,0
3723,2,0,0
5107,2,1,1
1170,2,0,0
5214,2,0,0
3011,2,1,0
5607,2,1,1
3874,2,0,0
5600,2,1,1
1368,2,0,0
897,2,0,0
928,2,0,0
4772,2,0,1
14,2,1,0
2548,2,0,0
967,2,1,0
1106,2,0,0
5193,2,0,0
4336,2,0,0
3968,2,0,0
1254,2,0,0
2648,2,0,0
2923,2,0,0
4780,2,0,0
4264,2,0,0
5610,2,1,0
1639,2,0,0
1133,2,0,0
5293,2,0,0
3519,2,0,0
1878,2,0,0
271,2,0,0
1473,2,0,0
1547,2,0,0
4310,2,0,0
5275,2,1,0
4440,2,0,0
838,2,0,0
2195,2,1,0
1835,2,0,0
4891,2,1,1
412,2,0,0
1712,2,0,0
4438,2,0,0
5043,2,0,0
2795,2,1,0
2221,2,0,0
377,2,0,0
1491,2,0,0
738,2,1,0
3377,2,0,1
3615,2,0,0
5213,2,0,1
52,2,0,0
4114,2,0,0
2269,2,0,0
5094,2,0,0
3094,2,0,0
1389,2,0,0
3188,2,0,0
3478,2,0,0
3433,2,0,0
4191,2,1,1
2309,2,0,0
3222,2,1,0
2590,2,0,0
1632,2,0,0
4275,2,0,0
3174,2,1,0
4812,2,0,0
2976,2,0,0
4280,2,0,0
467,2,0,0
5408,2,0,0
903,2,1,0
5382,2,0,0
71,2,1,1
3217,2,0,0
1898,2,0,0
5052,2,0,0
3995,2,1,0
1207,2,1,0
2077,2,0,0
1590,2,0,0
2844,2,0,0
5159,2,0,0
2205,2,0,0
2980,2,0,0
658,2,0,0
63,2,1,0
1838,2,0,0
4000,2,0,0
5172,2,0,0
3036,2,0,0
454,2,0,0
402,2,0,0
5085,2,0,0
1472,2,0,0
677,2,0,0
3356,2,0,0
1616,2,0,0
1251,2,0,0
1983,2,0,0
3425,2,0,0
4918,2,1,0
5059,2,0,0
3843,2,0,0
4931,2,1,1
1033,2,0,0
174,2,0,0
939,2,0,0
3102,2,0,0
4787,2,1,0
2587,2,0,0
334,2,1,0
873,2,0,0
2853,2,0,0
1486,2,0,0
4293,2,1,1
296,2,0,0
5500,2,1,1
5425,2,0,0
3845,2,1,0
4218,2,0,0
3760,2,0,1
378,2,0,0
3110,2,0,0
2770,2,0,0
3918,2,0,0
4138,2,1,0
2210,2,1,0
2172,2,0,0
2599,2,0,0
2052,2,0,0
915,2,0,0
5619,2,1,1
5421,2,1,0
4707,2,0,0
2335,2,1,0
3820,2,0,0
956,2,0,0
1887,2,0,0
5659,2,1,0
3717,2,0,0
4027,2,0,0
1182,2,1,0
5651,2,1,1
5004,2,0,0
4602,2,1,0
4452,2,1,1
1423,2,0,0
5640,2,1,0
2400,2,0,0
2892,2,1,0
3596,2,0,0
1722,2,0,0
1667,2,0,0
2884,2,0,0
2994,2,0,0
4763,2,0,0
886,2,0,0
4056,2,0,0
5611,2,1,1
333,2,1,0
153,2,0,0
721,2,0,0
373,2,0,0
312,2,0,0
1849,2,1,0
1622,2,0,0
42,2,0,0
2693,2,0,0
5067,2,1,0
4618,2,1,1
417,2,0,0
4858,2,0,0
4753,2,0,0
5547,2,1,0
5338,2,0,0
704,2,0,0
732,2,0,0
944,2,0,0
5475,2,0,0
3614,2,0,0
1806,2,0,0
1018,2,0,0
907,2,0,0
1693,2,0,0
2791,2,0,0
4368,2,0,0
519,2,0,0
814,2,0,0
818,2,0,0
3449,2,0,0
4830,2,0,0
1522,2,0,0
1638,2,0,0
5570,2,0,1
3557,2,0,0
5328,2,0,0
1700,2,0,0
3526,2,0,0
5217,2,0,0
3734,2,0,0
3046,2,1,0
1883,2,0,0
2592,2,0,0
379,2,0,0
3775,2,0,0
4003,2,1,0
2251,2,0,0
4439,2,0,1
2148,2,0,0
3726,2,0,0
2144,2,0,0
2566,2,0,0
1803,2,0,0
3621,2,0,0
3967,2,1,0
1594,2,0,0
4328,2,1,1
4890,2,1,0
1706,2,0,0
5566,2,1,0
3790,2,0,0
1820,2,0,0
2562,2,0,0
2559,2,0,0
4208,2,0,0
5095,2,0,0
1582,2,0,0
2547,2,0,0
319,2,0,0
4321,2,1,1
5138,2,0,0
5288,2,1,1
3364,2,0,0
1763,2,0,0
2843,2,1,0
4944,2,0,0
4717,2,0,0
5492,2,0,0
2141,2,0,0
213,2,0,0
4866,2,1,1
4433,2,0,0
3497,2,1,0
803,2,0,0
5278,2,0,0
5264,2,0,0
4132,2,0,0
105,2,1,0
4458,2,1,0
4946,2,1,1
3805,2,0,0
2806,2,0,0
4952,2,0,0
1465,2,0,0
2953,2,0,0
565,2,1,0
5648,2,1,0
4345,2,0,0
2524,2,0,0
1474,2,0,0
3236,2,0,0
2829,2,0,0
2502,2,0,0
317,2,0,0
1200,2,0,0
5203,2,0,0
2278,2,0,0
652,2,0,0
70,2,1,1
2658,2,0,0
1174,2,0,0
1088,2,0,1
5626,2,1,0
410,2,0,0
4064,2,0,0
5546,2,0,0
2386,2,0,0
5121,2,0,0
2091,2,0,0
4635,2,1,1
601,2,0,0
3013,2,1,0
4792,2,1,1
2219,2,1,1
2465,2,0,0
837,2,0,0
3325,2,0,0
624,2,1,0
1627,2,1,0
806,2,1,0
4978,2,0,0
3115,2,1,0
637,2,0,0
423,2,0,0
4823,2,1,1
1996,2,0,0
4472,2,1,1
4620,2,0,0
2486,2,0,0
150,2,1,0
3109,2,1,0
1580,2,0,0
626,2,1,0
3002,2,1,0
4601,2,0,0
3796,2,0,0
3481,2,0,0
143,2,0,0
4813,2,0,0
2574,2,0,0
4662,2,1,1
4014,2,0,0
1880,2,0,0
5251,2,1,1
3452,2,0,0
3605,2,1,0
3342,2,0,0
5433,2,0,0
2171,2,0,0
4975,2,0,0
5171,2,0,0
2780,2,0,0
4720,2,0,0
2832,2,1,0
5642,2,0,0
2230,2,0,0
617,2,0,0
1324,2,1,0
690,2,1,0
5481,2,0,0
2288,2,0,0
3302,2,0,0
1350,2,0,0
2729,2,0,0
4561,2,0,0
1187,2,0,0
1191,2,0,0
145,2,0,0
3572,2,0,0
4420,2,1,1
3742,2,0,0
1762,2,0,0
3800,2,0,0
4802,2,0,0
4810,2,0,0
1834,2,0,0
5548,2,1,1
1111,2,0,0
2127,2,0,0
4997,2,0,0
4783,2,0,0
2277,2,0,0
3795,2,0,0
2499,2,0,0
1824,2,0,0
2788,2,0,0
4196,2,1,1
4386,2,1,0
3827,2,0,0
2492,2,0,0
878,2,0,0
1455,2,0,0
391,2,0,0
4182,2,1,1
2283,2,0,0
2714,2,0,0
5371,2,0,0
2958,2,0,0
475,2,0,0
1694,2,0,0
1295,2,0,0
2092,2,0,0
3050,2,1,0
1137,2,0,1
2072,2,0,0
5331,2,0,0
832,2,0,0
591,2,1,0
4658,2,0,1
3592,2,0,0
109,2,0,0
5256,2,1,0
4318,2,1,1
1052,2,0,0
1311,2,1,0
668,2,0,0
253,2,0,0
5168,2,0,0
2690,2,1,0
4641,2,1,1
5045,2,1,1
843,2,1,1
4159,2,0,0
4509,2,0,0
3374,2,0,0
3394,2,0,0
884,2,0,0
4547,2,0,1
5354,2,0,0
3996,2,0,0
4752,2,1,1
1879,2,1,0
1485,2,0,0
5423,2,0,0
2417,2,0,0
2737,2,0,0
2267,2,0,0
4173,2,0,0
3368,2,0,1
2808,2,0,0
869,2,1,0
2468,2,1,0
3893,2,0,0
450,2,0,0
5115,2,0,0
1979,2,0,0
696,2,0,0
1741,2,0,0
3718,2,0,0
811,2,0,1
3284,2,0,0
2189,2,1,0
5006,2,0,0
5145,2,0,0
505,2,0,0
3303,2,0,0
405,2,0,0
3640,2,1,0
183,2,0,0
5553,2,1,1
1876,2,0,0
609,2,1,0
2674,2,0,0
2033,2,0,0
3981,2,1,1
1968,2,0,0
20,2,1,0
2218,2,0,0
5521,2,1,0
2224,2,0,0
327,2,1,0
3270,2,0,0
2518,2,0,0
1874,2,0,0
4362,2,1,1
1756,2,0,0
2178,2,0,0
4961,2,0,0
5612,2,0,1
3410,2,0,0
5550,2,1,1
489,2,0,0
606,2,0,0
3212,2,0,0
2464,2,0,0
1738,2,0,0
152,2,0,0
889,2,0,0
5603,2,1,0
3082,2,0,0
269,2,0,0
96,2,1,0
3824,2,0,0
5060,2,0,1
3885,2,0,0
1799,2,1,0
4967,2,1,1
1572,2,0,0
4628,2,1,1
1067,2,0,0
5195,2,0,0
2760,2,0,0
715,2,0,0
4059,2,0,0
5623,2,1,1
4565,2,1,0
4660,2,0,0
1798,2,0,0
461,2,0,0
5373,2,0,0
2944,2,0,0
1795,2,0,0
1869,2,1,0
5489,2,0,0
1345,2,0,0
4791,2,1,1
5271,2,1,1
5024,2,0,0
1214,2,0,0
1372,2,0,0
243,2,0,0
4039,2,0,0
2799,2,1,0
1679,2,0,0
3850,2,0,0
1312,2,0,0
648,2,0,0
3238,2,0,0
2643,2,0,0
4409,2,1,0
155,2,0,0
3428,2,0,0
3453,2,0,0
1303,2,0,0
1150,2,0,0
3047,2,0,0
1046,2,1,1
1640,2,0,0
1306,2,0,0
1927,2,0,0
5591,2,0,0
3439,2,0,0
4121,2,0,0
2244,2,0,0
3136,2,0,0
15,2,1,0
3538,2,0,0
5417,2,0,0
4979,2,0,0
2669,2,0,0
1360,2,0,0
1844,2,0,0
3098,2,0,0
1612,2,0,0
497,2,1,0
2840,2,0,0
4611,2,0,1
5634,2,0,0
3633,2,0,0
1478,2,0,0
5507,2,1,0
1095,2,0,0
542,2,0,0
4729,2,0,0
4074,2,0,0
431,2,0,0
728,2,0,0
5384,2,1,0
4412,2,1,1
2561,2,0,0
1337,2,0,0
3606,2,1,0
2877,2,0,0
4415,2,1,0
1031,2,1,0
1110,2,0,0
1888,2,1,0
3550,2,0,0
1527,2,0,0
753,2,0,0
3049,2,1,0
2628,2,0,0
562,2,1,0
4764,2,0,0
3562,2,0,0
252,2,0,0
2516,2,0,0
2962,2,0,0
4453,2,0,0
5374,2,0,0
5396,2,0,0
1202,2,0,0
3462,2,0,0
2797,2,1,0
4225,2,1,0
144,2,0,0
5056,2,1,0
2895,2,0,0
2763,2,0,0
905,2,0,0
5192,2,0,0
3980,2,0,0
235,2,0,0
5157,2,0,0
